timestamp_ist,signal,symbol,cmp,pcr,score,maxPain,mpGap
2026-07-23 12:41:58,SELL,NIFTY,23876.95,0.83,0,24000,-0.51
2026-07-23 12:41:59,SELL-CORE,NIFTY,23876.95,0.83,0,24000,-0.51
2026-07-23 12:42:00,SELL-CORE,BANKNIFTY,56481.4,1.19,27,56600,-0.21
2026-07-23 12:42:01,SELL-CORE,FINNIFTY,26002.9,1.65,43,26000,0.01
2026-07-23 12:42:02,SELL-CORE,MIDCPNIFTY,14445.05,1.49,43,14500,-0.38
2026-07-23 12:42:03,SELL,BSE,3580.0,0.75,27,3750,-4.53
2026-07-23 12:42:03,SELL-CORE,BSE,3580.0,0.75,27,3750,-4.53
2026-07-23 12:42:04,SELL,RELIANCE,1275.9,0.69,22,1310,-2.6
2026-07-23 12:42:05,SELL-CORE,RELIANCE,1275.9,0.69,22,1310,-2.6
2026-07-23 12:42:06,SELL-CORE,SBIN,1009.6,0.93,0,1040,-2.92
2026-07-23 12:42:07,SELL-CORE,ADANIENT,3054.0,0.91,0,3100,-1.48
2026-07-23 12:42:07,SELL-CORE,HDFCBANK,746.1,0.9,27,760,-1.83
2026-07-23 12:42:08,SELL-CORE,ADANIGREEN,1405.0,1.49,43,1400,0.36
2026-07-23 12:42:09,SELL,MCX,2733.9,0.55,0,2900,-5.73
2026-07-23 12:42:10,SELL-CORE,MCX,2733.9,0.55,0,2900,-5.73
2026-07-23 12:42:11,SELL,ICICIBANK,1431.1,0.72,27,1440,-0.62
2026-07-23 12:42:11,SELL-CORE,ICICIBANK,1431.1,0.72,27,1440,-0.62
2026-07-23 12:42:12,SELL,BAJFINANCE,1051.7,0.69,0,1050,0.16
2026-07-23 12:42:13,SELL-CORE,BAJFINANCE,1051.7,0.69,0,1050,0.16
2026-07-23 12:42:13,BUY-CORE,TCS,2222.8,0.65,44,2220,0.13
2026-07-23 12:42:14,SELL-CORE,INFY,1045.6,1.2,27,1050,-0.42
2026-07-23 12:42:15,SELL,AXISBANK,1223.2,0.76,27,1260,-2.92
2026-07-23 12:42:16,SELL-CORE,AXISBANK,1223.2,0.76,27,1260,-2.92
2026-07-23 12:42:17,SELL,ADANIENSOL,1697.6,0.38,22,1760,-3.55
2026-07-23 12:42:17,SELL-CORE,ADANIENSOL,1697.6,0.38,22,1760,-3.55
2026-07-23 12:42:18,SELL,TATASTEEL,184.8,0.62,0,190,-2.74
2026-07-23 12:42:19,SELL-CORE,TATASTEEL,184.8,0.62,0,190,-2.74
2026-07-23 12:42:20,SELL,ADANIPOWER,214.95,0.69,22,222.5,-3.39
2026-07-23 12:42:20,SELL-CORE,ADANIPOWER,214.95,0.69,22,222.5,-3.39
2026-07-23 12:42:21,SELL,BHARTIARTL,1938.7,0.4,0,1960,-1.09
2026-07-23 12:42:22,SELL-CORE,BHARTIARTL,1938.7,0.4,0,1960,-1.09
2026-07-23 12:42:23,SELL,BHEL,410.1,0.84,0,412.5,-0.58
2026-07-23 12:42:23,SELL-CORE,BHEL,410.1,0.84,0,412.5,-0.58
2026-07-23 12:42:24,BUY-CORE,VEDL,264.45,0.59,57,280,-5.55
2026-07-23 12:42:25,BUY,CANBK,125.71,1.04,73,125,0.57
2026-07-23 12:42:25,BUY-CORE,CANBK,125.71,1.04,73,125,0.57
2026-07-23 12:42:26,SELL-CORE,BANKBARODA,242.65,1.4,43,245,-0.96
2026-07-23 12:42:27,BUY-CORE,HINDZINC,533.1,0.76,42,550,-3.07
2026-07-23 12:42:28,SELL-CORE,HINDZINC,533.1,0.76,42,550,-3.07
2026-07-23 12:42:29,SELL,TITAN,4677.1,0.63,0,4650,0.58
2026-07-23 12:42:29,SELL-CORE,TITAN,4677.1,0.63,0,4650,0.58
2026-07-23 12:42:30,BUY-CORE,NATIONALUM,345.55,0.71,73,350,-1.27
2026-07-23 12:42:31,SELL,SHRIRAMFIN,1036.9,0.7,0,1050,-1.25
2026-07-23 12:42:31,SELL-CORE,SHRIRAMFIN,1036.9,0.7,0,1050,-1.25
2026-07-23 12:42:32,BUY-CORE,M&M,3234.6,0.43,57,3250,-0.47
2026-07-23 12:42:33,SELL-CORE,LT,3795.1,0.87,27,3850,-1.43
2026-07-23 12:42:35,SELL,PFC,408.95,0.62,22,420,-2.63
2026-07-23 12:42:35,SELL-CORE,PFC,408.95,0.62,22,420,-2.63
2026-07-23 12:42:36,SELL,COALINDIA,425.4,0.8,0,435,-2.21
2026-07-23 12:42:37,SELL-CORE,COALINDIA,425.4,0.8,0,435,-2.21
2026-07-23 12:42:38,SELL,BEL,401.5,0.84,0,410,-2.07
2026-07-23 12:42:38,SELL-CORE,BEL,401.5,0.84,0,410,-2.07
2026-07-23 12:42:39,BUY-CORE,ITC,281.85,0.64,57,290,-2.81
2026-07-23 12:42:40,SELL,SUNPHARMA,1933.4,0.4,22,1960,-1.36
2026-07-23 12:42:41,SELL-CORE,SUNPHARMA,1933.4,0.4,22,1960,-1.36
2026-07-23 12:42:41,SELL-CORE,ANGELONE,307.2,1.09,47,320,-4.0
2026-07-23 12:42:42,SELL,DIXON,13822.0,0.63,22,14200,-2.66
2026-07-23 12:42:43,SELL-CORE,DIXON,13822.0,0.63,22,14200,-2.66
2026-07-23 12:42:44,SELL-CORE,CGPOWER,898.95,0.93,0,910,-1.21
2026-07-23 12:42:45,SELL-CORE,ASIANPAINT,2669.9,0.88,0,2700,-1.11
2026-07-23 12:42:46,BUY-CORE,NHPC,80.09,0.5,36,83,-3.51
2026-07-23 12:42:46,SELL,NHPC,80.09,0.5,36,83,-3.51
2026-07-23 12:42:47,SELL-CORE,NHPC,80.09,0.5,36,83,-3.51
2026-07-23 12:42:47,SELL,MARUTI,13499.0,0.65,22,13700,-1.47
2026-07-23 12:42:48,SELL-CORE,MARUTI,13499.0,0.65,22,13700,-1.47
2026-07-23 12:42:49,SELL,SAIL,160.29,0.79,0,167.5,-4.3
2026-07-23 12:42:49,SELL-CORE,SAIL,160.29,0.79,0,167.5,-4.3
2026-07-23 12:42:50,BUY-CORE,HINDUNILVR,2156.4,0.74,53,2180,-1.08
2026-07-23 12:42:51,BUY-CORE,KOTAKBANK,381.9,0.7,44,387.5,-1.45
2026-07-23 12:42:53,SELL,TMPV,325.65,0.82,27,340,-4.22
2026-07-23 12:42:53,SELL-CORE,TMPV,325.65,0.82,27,340,-4.22
2026-07-23 12:42:54,SELL-CORE,NMDC,82.73,1.26,27,84,-1.51
2026-07-23 12:42:55,BUY-CORE,TRENT,2899.5,0.84,53,2900,-0.02
2026-07-23 12:42:57,SELL,COFORGE,1450.3,0.54,0,1500,-3.31
2026-07-23 12:42:57,SELL-CORE,COFORGE,1450.3,0.54,0,1500,-3.31
2026-07-23 12:42:58,SELL-CORE,INDIGO,5055.0,1.45,43,5100,-0.88
2026-07-23 12:42:59,SELL,YESBANK,23.01,0.4,22,26,-11.5
2026-07-23 12:43:00,SELL-CORE,YESBANK,23.01,0.4,22,26,-11.5
2026-07-23 12:43:01,SELL-CORE,AMBER,7407.0,1.71,56,7300,1.47
2026-07-23 12:43:02,BUY-CORE,TECHM,1552.8,0.73,42,1564,-0.72
2026-07-23 12:43:02,SELL-CORE,TECHM,1552.8,0.73,42,1564,-0.72
2026-07-23 12:43:03,SELL-CORE,ASHOKLEY,151.91,0.95,27,157.5,-3.55
2026-07-23 12:43:04,BUY-CORE,HEROMOTOCO,5166.1,0.39,57,5200,-0.65
2026-07-23 12:43:05,SELL,AMBUJACEM,426.95,0.53,22,440,-2.97
2026-07-23 12:43:05,SELL-CORE,AMBUJACEM,426.95,0.53,22,440,-2.97
2026-07-23 12:43:06,SELL,NBCC,93.72,0.75,0,100,-6.28
2026-07-23 12:43:07,SELL-CORE,NBCC,93.72,0.75,0,100,-6.28
2026-07-23 12:43:08,BUY-CORE,EICHERMOT,7720.5,0.54,57,7800,-1.02
2026-07-23 12:43:08,SELL,ADANIPORTS,1800.0,0.73,0,1840,-2.17
2026-07-23 12:43:09,SELL-CORE,ADANIPORTS,1800.0,0.73,0,1840,-2.17
2026-07-23 12:43:10,BUY-CORE,INDIANB,821.45,1.24,58,820,0.18
2026-07-23 12:43:10,SELL-CORE,INDIANB,821.45,1.24,58,820,0.18
2026-07-23 12:43:11,BUY-CORE,FEDERALBNK,352.8,0.8,53,350,0.8
2026-07-23 12:43:12,BUY-CORE,TVSMOTOR,3926.4,0.54,57,3950,-0.6
2026-07-23 12:43:13,SELL-CORE,HDFCAMC,2510.9,3.47,43,2500,0.44
2026-07-23 12:43:14,BUY-CORE,RVNL,224.54,0.57,44,240,-6.44
2026-07-23 12:43:15,SELL,PNB,110.08,0.77,27,110,0.07
2026-07-23 12:43:16,SELL-CORE,PNB,110.08,0.77,27,110,0.07
2026-07-23 12:43:17,BUY,BAJAJ-AUTO,11262.5,1.06,100,11100,1.46
2026-07-23 12:43:17,BUY-CORE,BAJAJ-AUTO,11262.5,1.06,100,11100,1.46
2026-07-23 12:43:18,SELL-CORE,POLYCAB,8965.0,0.89,0,9100,-1.48
2026-07-23 12:43:19,BUY-CORE,BAJAJFINSV,1893.9,0.58,57,1900,-0.32
2026-07-23 12:43:20,SELL,LUPIN,2397.3,0.74,27,2460,-2.55
2026-07-23 12:43:21,SELL-CORE,LUPIN,2397.3,0.74,27,2460,-2.55
2026-07-23 12:43:22,BUY-CORE,HCLTECH,1239.9,0.7,44,1230,0.8
2026-07-23 12:43:23,SELL-CORE,HDFCLIFE,551.05,0.91,27,565,-2.47
2026-07-23 12:43:24,BUY-CORE,CUMMINSIND,5588.0,0.59,36,5650,-1.1
2026-07-23 12:43:25,SELL,CUMMINSIND,5588.0,0.59,36,5650,-1.1
2026-07-23 12:43:25,SELL-CORE,CUMMINSIND,5588.0,0.59,36,5650,-1.1
2026-07-23 12:43:26,SELL,LAURUSLABS,1565.9,0.76,0,1580,-0.89
2026-07-23 12:43:27,SELL-CORE,LAURUSLABS,1565.9,0.76,0,1580,-0.89
2026-07-23 12:43:27,SELL,UNIONBANK,167.67,0.72,0,172.5,-2.8
2026-07-23 12:43:28,SELL-CORE,UNIONBANK,167.67,0.72,0,172.5,-2.8
2026-07-23 12:43:29,SELL,GRASIM,3118.4,0.71,0,3140,-0.69
2026-07-23 12:43:29,SELL-CORE,GRASIM,3118.4,0.71,0,3140,-0.69
2026-07-23 12:43:30,SELL-CORE,PERSISTENT,5022.0,1.03,27,5100,-1.53
2026-07-23 12:43:31,SELL,LTF,304.85,0.73,27,320,-4.73
2026-07-23 12:43:32,SELL-CORE,LTF,304.85,0.73,27,320,-4.73
2026-07-23 12:43:33,BUY-CORE,HAL,4560.8,0.54,36,4600,-0.85
2026-07-23 12:43:33,SELL,HAL,4560.8,0.54,36,4600,-0.85
2026-07-23 12:43:34,SELL-CORE,HAL,4560.8,0.54,36,4600,-0.85
2026-07-23 12:43:34,SELL-CORE,INDUSTOWER,391.95,0.9,27,400,-2.01
2026-07-23 12:43:35,SELL,JSWSTEEL,1244.5,0.67,0,1260,-1.23
2026-07-23 12:43:36,SELL-CORE,JSWSTEEL,1244.5,0.67,0,1260,-1.23
2026-07-23 12:43:37,SELL,IDFCFIRSTB,80.12,0.81,0,81,-1.09
2026-07-23 12:43:37,SELL-CORE,IDFCFIRSTB,80.12,0.81,0,81,-1.09
2026-07-23 12:43:38,SELL,VMM,107.17,0.76,0,112.5,-4.74
2026-07-23 12:43:39,SELL-CORE,VMM,107.17,0.76,0,112.5,-4.74
2026-07-23 12:43:40,BUY-CORE,ONGC,253.15,0.34,57,255,-0.73
2026-07-23 12:43:41,BUY,MOTHERSON,144.84,1.15,100,144,0.58
2026-07-23 12:43:41,BUY-CORE,MOTHERSON,144.84,1.15,100,144,0.58
2026-07-23 12:43:42,SELL,OFSS,10594.0,0.63,22,11000,-3.69
2026-07-23 12:43:43,SELL-CORE,OFSS,10594.0,0.63,22,11000,-3.69
2026-07-23 12:43:44,SELL,DLF,648.75,0.57,22,670,-3.17
2026-07-23 12:43:44,SELL-CORE,DLF,648.75,0.57,22,670,-3.17
2026-07-23 12:43:45,SELL-CORE,AUBANK,965.7,1.23,27,1000,-3.43
2026-07-23 12:43:46,SELL,AUROPHARMA,1519.7,0.57,22,1580,-3.82
2026-07-23 12:43:47,SELL-CORE,AUROPHARMA,1519.7,0.57,22,1580,-3.82
2026-07-23 12:43:48,SELL,NESTLEIND,1453.0,0.53,0,1490,-2.48
2026-07-23 12:43:48,SELL-CORE,NESTLEIND,1453.0,0.53,0,1490,-2.48
2026-07-23 12:43:49,BUY-CORE,VOLTAS,1308.8,0.82,73,1340,-2.33
2026-07-23 12:43:50,BUY-CORE,APLAPOLLO,1840.0,0.48,57,1860,-1.08
2026-07-23 12:43:51,SELL-CORE,BANKINDIA,141.95,0.95,0,142.85,-0.63
2026-07-23 12:43:52,BUY-CORE,ABB,7558.0,0.49,44,7800,-3.1
2026-07-23 12:43:53,SELL,MUTHOOTFIN,3029.1,0.56,22,3150,-3.84
2026-07-23 12:43:54,SELL-CORE,MUTHOOTFIN,3029.1,0.56,22,3150,-3.84
2026-07-23 12:43:55,SELL-CORE,INDUSINDBK,1003.75,0.89,27,1010,-0.62
2026-07-23 12:43:56,BUY-CORE,VBL,459.25,1.05,58,470,-2.29
2026-07-23 12:43:56,SELL-CORE,VBL,459.25,1.05,58,470,-2.29
2026-07-23 12:43:56,COIL,VBL,459.25,1.05,58,470,-2.29
2026-07-23 12:43:57,SELL-CORE,LICHSGFIN,532.7,1.11,27,540,-1.35
2026-07-23 12:43:58,SELL,UPL,605.8,0.63,22,615,-1.5
2026-07-23 12:43:59,SELL-CORE,UPL,605.8,0.63,22,615,-1.5
2026-07-23 12:44:00,BUY-CORE,BPCL,312.9,1.03,58,310,0.94
2026-07-23 12:44:00,SELL-CORE,BPCL,312.9,1.03,58,310,0.94
2026-07-23 12:44:01,BUY-CORE,COCHINSHIP,1383.0,0.97,73,1400,-1.21
2026-07-23 12:44:02,SELL,APOLLOHOSP,8821.0,0.85,0,8900,-0.89
2026-07-23 12:44:02,SELL-CORE,APOLLOHOSP,8821.0,0.85,0,8900,-0.89
2026-07-23 12:44:03,BUY-CORE,DMART,4041.1,0.6,44,4100,-1.44
2026-07-23 12:44:04,SELL,FORTIS,943.35,0.77,27,970,-2.75
2026-07-23 12:44:05,SELL-CORE,FORTIS,943.35,0.77,27,970,-2.75
2026-07-23 12:44:06,SELL-CORE,IOC,141.02,0.88,27,142,-0.69
2026-07-23 12:44:06,SELL-CORE,CIPLA,1379.8,1.74,43,1380,-0.01
2026-07-23 12:44:07,SELL,MARICO,851.85,0.56,0,860,-0.95
2026-07-23 12:44:08,SELL-CORE,MARICO,851.85,0.56,0,860,-0.95
2026-07-23 12:44:09,SELL,NAUKRI,1166.25,0.61,22,1200,-2.81
2026-07-23 12:44:09,SELL-CORE,NAUKRI,1166.25,0.61,22,1200,-2.81
2026-07-23 12:44:10,BUY-CORE,MAZDOCK,2303.6,0.99,53,2360,-2.39
2026-07-23 12:44:12,SELL-CORE,CDSL,1324.0,1.1,47,1360,-2.65
2026-07-23 12:44:12,COIL,CDSL,1324.0,1.1,47,1360,-2.65
2026-07-23 12:44:13,SELL,ABCAPITAL,392.85,0.66,0,410,-4.18
2026-07-23 12:44:13,SELL-CORE,ABCAPITAL,392.85,0.66,0,410,-4.18
2026-07-23 12:44:14,SELL,GAIL,171.82,0.8,27,173,-0.68
2026-07-23 12:44:15,SELL-CORE,GAIL,171.82,0.8,27,173,-0.68
2026-07-23 12:44:16,SELL,DIVISLAB,7277.0,0.55,0,7400,-1.66
2026-07-23 12:44:16,SELL-CORE,DIVISLAB,7277.0,0.55,0,7400,-1.66
2026-07-23 12:44:17,BUY-CORE,ICICIGI,1613.4,0.59,57,1660,-2.81
2026-07-23 12:44:18,BUY-CORE,MAXHEALTH,1081.6,0.85,53,1100,-1.67
2026-07-23 12:44:19,BUY-CORE,SBILIFE,1830.5,0.62,57,1860,-1.59
2026-07-23 12:44:20,SELL-CORE,LICI,421.35,1.23,47,425,-0.86
2026-07-23 12:44:20,COIL,LICI,421.35,1.23,47,425,-0.86
2026-07-23 12:44:21,SELL-CORE,CROMPTON,253.0,0.86,27,260,-2.69
2026-07-23 12:44:22,BUY-CORE,SIEMENS,3662.9,0.65,44,3700,-1.0
2026-07-23 12:44:23,SELL-CORE,BANDHANBNK,167.98,0.89,27,177.5,-5.36
2026-07-23 12:44:24,BUY-CORE,OIL,456.7,0.39,57,470,-2.83
2026-07-23 12:44:25,SELL,LODHA,1144.15,0.82,0,1140,0.36
2026-07-23 12:44:25,SELL-CORE,LODHA,1144.15,0.82,0,1140,0.36
2026-07-23 12:44:27,SELL,PRESTIGE,1647.7,0.68,22,1680,-1.92
2026-07-23 12:44:27,SELL-CORE,PRESTIGE,1647.7,0.68,22,1680,-1.92
2026-07-23 12:44:28,SELL-CORE,HINDPETRO,379.0,1.2,47,385,-1.56
2026-07-23 12:44:29,BUY-CORE,UNOMINDA,1139.3,0.57,57,1180,-3.45
2026-07-23 12:44:30,SELL,EXIDEIND,446.1,0.38,22,452.5,-1.41
2026-07-23 12:44:30,SELL-CORE,EXIDEIND,446.1,0.38,22,452.5,-1.41
2026-07-23 12:44:31,BUY-CORE,TATACONSUM,1103.8,0.9,53,1100,0.35
2026-07-23 12:44:32,BUY-CORE,GLENMARK,2215.4,0.69,44,2260,-1.97
2026-07-23 12:44:33,SELL,GODREJPROP,2047.5,0.83,0,2060,-0.61
2026-07-23 12:44:34,SELL-CORE,GODREJPROP,2047.5,0.83,0,2060,-0.61
2026-07-23 12:44:34,SELL,KEI,4908.0,0.52,22,5050,-2.81
2026-07-23 12:44:35,SELL-CORE,KEI,4908.0,0.52,22,5050,-2.81
2026-07-23 12:44:36,SELL-CORE,KFINTECH,874.45,0.93,27,880,-0.63
2026-07-23 12:44:37,SELL-CORE,TATAPOWER,376.4,1.06,47,380,-0.95
2026-07-23 12:44:38,SELL,BIOCON,431.75,0.8,0,435,-0.75
2026-07-23 12:44:38,SELL-CORE,BIOCON,431.75,0.8,0,435,-0.75
2026-07-23 12:44:39,SELL,PNBHOUSING,1069.7,0.72,27,1100,-2.75
2026-07-23 12:44:40,SELL-CORE,PNBHOUSING,1069.7,0.72,27,1100,-2.75
2026-07-23 12:44:41,SELL,LTM,3955.4,0.82,0,4000,-1.11
2026-07-23 12:44:41,SELL-CORE,LTM,3955.4,0.82,0,4000,-1.11
2026-07-23 12:44:42,SELL-CORE,ZYDUSLIFE,1117.1,0.87,27,1140,-2.01
2026-07-23 12:44:43,BUY-CORE,BOSCHLTD,42245.0,0.47,57,43000,-1.76
2026-07-23 12:44:44,SELL-CORE,DRREDDY,1156.6,1.54,56,1150,0.57
2026-07-23 12:44:45,BUY-CORE,SONACOMS,730.0,0.72,53,730,0.0
2026-07-23 12:44:46,BUY-CORE,PGEL,579.85,0.72,53,600,-3.36
2026-07-23 12:44:46,SELL,JSWENERGY,556.5,0.8,0,565,-1.5
2026-07-23 12:44:47,SELL-CORE,JSWENERGY,556.5,0.8,0,565,-1.5
2026-07-23 12:44:48,BUY-CORE,HAVELLS,1214.0,0.64,44,1220,-0.49
2026-07-23 12:44:49,SELL,NAM-INDIA,1103.2,0.78,27,1160,-4.9
2026-07-23 12:44:49,SELL-CORE,NAM-INDIA,1103.2,0.78,27,1160,-4.9
2026-07-23 12:44:50,BUY-CORE,CONCOR,482.75,0.83,73,490,-1.48
2026-07-23 12:44:51,BUY-CORE,PHOENIXLTD,2045.0,0.92,53,2080,-1.68
2026-07-23 12:44:52,SELL,BRITANNIA,5448.5,0.57,22,5500,-0.94
2026-07-23 12:44:52,SELL-CORE,BRITANNIA,5448.5,0.57,22,5500,-0.94
2026-07-23 12:44:53,SELL-CORE,MPHASIS,2230.9,1.06,27,2238,-0.32
2026-07-23 12:44:54,BUY-CORE,ICICIPRULI,501.7,0.92,73,505,-0.65
2026-07-23 12:44:55,SELL,DABUR,422.9,0.69,0,440,-3.89
2026-07-23 12:44:56,SELL-CORE,DABUR,422.9,0.69,0,440,-3.89
2026-07-23 12:44:57,SELL-CORE,PETRONET,268.65,1.47,43,270,-0.5
2026-07-23 12:44:58,SELL,CAMS,760.85,0.59,0,800,-4.89
2026-07-23 12:44:58,SELL-CORE,CAMS,760.85,0.59,0,800,-4.89
2026-07-23 12:44:59,SELL-CORE,BLUESTARCO,1643.8,1.09,27,1640,0.23
2026-07-23 12:45:00,SELL-CORE,INDHOTEL,720.2,0.89,0,730,-1.34
2026-07-23 12:45:02,SELL,BHARATFORG,2166.4,0.74,0,2200,-1.53
2026-07-23 12:45:02,SELL-CORE,BHARATFORG,2166.4,0.74,0,2200,-1.53
2026-07-23 12:45:03,BUY-CORE,MANAPPURAM,354.0,0.66,44,350,1.14
2026-07-23 12:45:04,SELL-CORE,PIDILITIND,1566.0,1.0,27,1580,-0.89
2026-07-23 12:45:05,BUY-CORE,BAJAJHLDNG,10595.0,0.5,57,11000,-3.68
2026-07-23 12:45:06,BUY-CORE,PAGEIND,40250.0,0.71,73,40250,0.0
2026-07-23 12:45:07,SELL,RADICO,4065.0,0.67,0,4100,-0.85
2026-07-23 12:45:08,SELL-CORE,RADICO,4065.0,0.67,0,4100,-0.85
2026-07-23 12:45:08,SELL,IEX,122.51,0.62,0,123,-0.4
2026-07-23 12:45:09,SELL-CORE,IEX,122.51,0.62,0,123,-0.4
2026-07-23 12:45:10,BUY-CORE,KPITTECH,551.9,0.41,36,590,-6.46
2026-07-23 12:45:10,SELL,KPITTECH,551.9,0.41,36,590,-6.46
2026-07-23 12:45:11,SELL-CORE,KPITTECH,551.9,0.41,36,590,-6.46
2026-07-23 12:45:12,BUY-CORE,GODREJCP,1069.0,0.69,36,1100,-2.82
2026-07-23 12:45:12,SELL,GODREJCP,1069.0,0.69,36,1100,-2.82
2026-07-23 12:45:13,SELL-CORE,GODREJCP,1069.0,0.69,36,1100,-2.82
2026-07-23 12:45:14,BUY-CORE,IREDA,119.94,0.9,53,122,-1.69
2026-07-23 12:45:14,BUY-CORE,ASTRAL,1417.8,0.61,44,1440,-1.54
2026-07-23 12:45:15,SELL-CORE,TIINDIA,2870.0,1.46,56,2900,-1.03
2026-07-23 12:45:16,COIL,TIINDIA,2870.0,1.46,56,2900,-1.03
2026-07-23 12:45:17,SELL,GODFRYPHLP,2054.6,0.78,0,2150,-4.44
2026-07-23 12:45:17,SELL-CORE,GODFRYPHLP,2054.6,0.78,0,2150,-4.44
2026-07-23 12:45:18,SELL-CORE,JUBLFOOD,416.55,1.46,56,420,-0.82
2026-07-23 12:45:19,COIL,JUBLFOOD,416.55,1.46,56,420,-0.82
2026-07-23 12:45:20,BUY-CORE,SHREECEM,26935.0,0.61,57,27000,-0.24
2026-07-23 12:45:20,BUY-CORE,NUVAMA,1938.0,0.56,57,1940,-0.1
2026-07-23 12:45:22,SELL,SUPREMEIND,3421.6,0.71,27,3500,-2.24
2026-07-23 12:45:22,SELL-CORE,SUPREMEIND,3421.6,0.71,27,3500,-2.24
2026-07-23 12:45:23,BUY-CORE,DALBHARAT,1869.8,0.56,44,1880,-0.54
2026-07-23 12:45:24,SELL-CORE,SRF,2668.5,1.61,43,2700,-1.17
2026-07-23 12:45:25,SELL-CORE,OBEROIRLTY,1823.4,1.62,56,1800,1.3
2026-07-23 12:45:26,BUY-CORE,MANKIND,2555.8,0.61,44,2600,-1.7
2026-07-23 12:45:27,SELL,COLPAL,2095.0,0.72,27,2100,-0.24
2026-07-23 12:45:27,SELL-CORE,COLPAL,2095.0,0.72,27,2100,-0.24
2026-07-23 12:45:28,BUY-CORE,UNITDSPR,1413.1,0.62,44,1420,-0.49
2026-07-23 12:45:29,BUY-CORE,PIIND,2712.6,0.54,44,2760,-1.72
2026-07-23 12:50:59,SELL-CORE,CHOLAFIN,1712.9,0.99,0,1780,-3.77
2026-07-23 12:51:07,SELL,360ONE,1090.2,0.63,22,1140,-4.37
2026-07-23 12:51:08,SELL-CORE,360ONE,1090.2,0.63,22,1140,-4.37
2026-07-23 12:51:18,SELL,POWERGRID,288.4,0.46,22,292.5,-1.4
2026-07-23 12:51:18,SELL-CORE,POWERGRID,288.4,0.46,22,292.5,-1.4
2026-07-23 12:51:37,SELL-CORE,JINDALSTEL,1042.3,0.89,27,1050,-0.73
2026-07-23 12:51:43,SELL,ZYDUSLIFE,1117.5,0.85,27,1140,-1.97
2026-07-23 12:51:48,SELL-CORE,PHOENIXLTD,2037.8,0.92,42,2080,-2.03
2026-07-23 12:55:43,SELL,HINDZINC,533.0,0.76,27,550,-3.09
2026-07-23 12:55:43,SELL-CORE,HINDZINC,533.0,0.76,27,550,-3.09
2026-07-23 12:55:49,SELL-CORE,ITC,280.7,0.78,42,285,-1.51
2026-07-23 12:56:04,COIL,INDIANB,826.95,1.06,47,831.75,-0.58
2026-07-23 12:56:35,COIL,LICI,422.2,1.23,47,425,-0.66
2026-07-23 12:56:49,SELL-CORE,CONCOR,481.8,0.89,42,485,-0.66
2026-07-23 12:56:53,SELL-CORE,IRFC,87.18,1.02,47,90,-3.13
2026-07-23 12:56:57,SELL-CORE,TATAELXSI,3391.2,1.02,47,3500,-3.11
2026-07-23 13:01:05,SELL,ADANIENT,3037.0,0.84,0,3080,-1.4
2026-07-23 13:01:13,SELL-CORE,CANBK,125.51,1.01,27,125,0.41
2026-07-23 13:01:26,BUY-CORE,TRENT,2893.4,0.84,53,2900,-0.23
2026-07-23 13:01:28,SELL,NTPC,350.4,0.44,0,355,-1.3
2026-07-23 13:01:28,SELL-CORE,NTPC,350.4,0.44,0,355,-1.3
2026-07-23 13:01:45,SELL,HAL,4555.6,0.54,22,4600,-0.97
2026-07-23 13:01:45,SELL-CORE,HAL,4555.6,0.54,22,4600,-0.97
2026-07-23 13:02:15,SELL,SONACOMS,726.4,0.73,27,730,-0.49
2026-07-23 13:02:16,SELL-CORE,SONACOMS,726.4,0.73,27,730,-0.49
2026-07-23 13:02:18,SELL,HAVELLS,1208.6,0.62,36,1220,-0.93
2026-07-23 13:02:19,SELL-CORE,HAVELLS,1208.6,0.62,36,1220,-0.93
2026-07-23 13:05:26,SELL,NIFTY,23836.25,0.85,0,23950,-0.47
2026-07-23 13:05:37,BUY-CORE,HINDZINC,532.65,0.76,42,550,-3.15
2026-07-23 13:05:40,SELL,HINDALCO,950.85,0.52,22,980,-2.97
2026-07-23 13:05:41,SELL-CORE,HINDALCO,950.85,0.52,22,980,-2.97
2026-07-23 13:05:43,SELL,ITC,280.8,0.77,27,285,-1.47
2026-07-23 13:05:49,SELL,RECLTD,357.2,0.61,0,370,-3.46
2026-07-23 13:05:50,SELL-CORE,RECLTD,357.2,0.61,0,370,-3.46
2026-07-23 13:05:57,SELL-CORE,FEDERALBNK,351.95,0.8,42,350,0.56
2026-07-23 13:06:08,BUY,MOTHERSON,145.38,1.13,100,144,0.96
2026-07-23 13:06:09,SELL,OFSS,10551.0,0.67,22,11000,-4.08
2026-07-23 13:06:14,SELL,INDUSINDBK,1000.75,0.85,27,1020,-1.89
2026-07-23 13:06:51,BUY-CORE,PIIND,2706.0,0.83,53,2700,0.22
2026-07-23 13:10:51,SELL,HINDZINC,532.35,0.76,27,550,-3.21
2026-07-23 13:11:00,SELL,NHPC,80.13,0.5,36,83,-3.46
2026-07-23 13:11:00,SELL-CORE,NHPC,80.13,0.5,36,83,-3.46
2026-07-23 13:11:18,BUY-CORE,PATANJALI,337.85,0.89,53,350,-3.47
2026-07-23 13:11:31,COIL,VBL,458.5,1.03,58,470,-2.45
2026-07-23 13:11:37,SELL-CORE,MAZDOCK,2302.1,0.96,27,2360,-2.45
2026-07-23 13:12:08,SELL,MOTILALOFS,938.15,0.6,22,980,-4.27
2026-07-23 13:12:09,SELL-CORE,MOTILALOFS,938.15,0.6,22,980,-4.27
2026-07-23 13:15:49,SELL,ADANIPOWER,214.05,0.67,22,225,-4.87
2026-07-23 13:15:59,SELL,ASIANPAINT,2665.3,0.85,0,2700,-1.29
2026-07-23 13:16:03,SELL-CORE,TRENT,2882.5,0.87,27,2900,-0.6
2026-07-23 13:16:38,COIL,HINDPETRO,381.3,1.13,47,385,-0.96
2026-07-23 13:16:48,BUY-CORE,BRITANNIA,5412.0,0.64,36,5450,-0.7
2026-07-23 13:16:57,SELL,ASTRAL,1415.6,0.62,22,1440,-1.69
2026-07-23 13:16:58,SELL-CORE,ASTRAL,1415.6,0.62,22,1440,-1.69
2026-07-23 13:17:02,SELL,DALBHARAT,1856.4,0.55,22,1880,-1.26
2026-07-23 13:17:02,SELL-CORE,DALBHARAT,1856.4,0.55,22,1880,-1.26
2026-07-23 13:21:01,SELL,ADANIPORTS,1791.0,0.71,0,1840,-2.66
2026-07-23 13:21:18,SELL,INDUSINDBK,1000.7,0.85,27,1010,-0.92
2026-07-23 13:21:31,SELL-CORE,JINDALSTEL,1042.4,0.88,27,1050,-0.72
2026-07-23 13:21:37,SELL,ZYDUSLIFE,1115.2,0.83,0,1140,-2.18
2026-07-23 13:21:39,SELL,SONACOMS,725.15,0.73,27,730,-0.66
2026-07-23 13:21:56,SELL-CORE,COLPAL,2086.3,0.91,27,2080,0.3
2026-07-23 13:25:40,SELL,LT,3791.1,0.85,0,3850,-1.53
2026-07-23 13:25:55,SELL,FEDERALBNK,353.05,0.79,27,350,0.87
2026-07-23 13:26:18,SELL,RBLBANK,354.5,0.71,27,365,-2.88
2026-07-23 13:26:19,SELL-CORE,RBLBANK,354.5,0.71,27,365,-2.88
2026-07-23 13:26:37,SELL,DABUR,422.55,0.68,0,440,-3.97
2026-07-23 13:26:45,COIL,TIINDIA,2855.0,1.23,47,2900,-1.55
2026-07-23 13:31:10,SELL,ADANIENT,3019.0,0.84,0,3060,-1.34
2026-07-23 13:31:24,SELL,DIXON,13792.0,0.62,22,14200,-2.87
2026-07-23 13:31:24,SELL-CORE,DIXON,13792.0,0.62,22,14200,-2.87
2026-07-23 13:31:29,SELL,RECLTD,357.2,0.61,0,370,-3.46
2026-07-23 13:31:29,SELL-CORE,RECLTD,357.2,0.61,0,370,-3.46
2026-07-23 13:31:42,BUY-CORE,CUMMINSIND,5599.5,0.59,44,5650,-0.89
2026-07-23 13:31:52,SELL,ABB,7539.5,0.47,36,7800,-3.34
2026-07-23 13:31:53,SELL-CORE,ABB,7539.5,0.47,36,7800,-3.34
2026-07-23 13:36:18,BUY-CORE,VBL,458.45,1.02,58,470,-2.46
2026-07-23 13:36:51,BUY-CORE,ASTRAL,1414.5,0.62,36,1440,-1.77
2026-07-23 13:36:58,SELL,PIIND,2700.6,0.82,27,2700,0.02
2026-07-23 13:36:59,SELL-CORE,PIIND,2700.6,0.82,27,2700,0.02
2026-07-23 13:40:47,BUY-CORE,HINDALCO,952.4,0.52,44,980,-2.82
2026-07-23 13:40:48,BUY-CORE,ULTRACEMCO,11924.0,0.4,57,12100,-1.45
2026-07-23 13:40:56,SELL,TRENT,2878.9,0.85,27,2900,-0.73
2026-07-23 13:40:59,SELL,TECHM,1552.8,0.74,27,1564,-0.72
2026-07-23 13:41:09,SELL,LAURUSLABS,1567.8,0.75,0,1580,-0.77
2026-07-23 13:41:30,SELL,BANDHANBNK,168.0,0.84,27,180,-6.67
2026-07-23 13:41:34,BUY-CORE,GLENMARK,2216.5,0.67,44,2260,-1.92
2026-07-23 13:41:56,BUY-CORE,UNITDSPR,1416.6,0.61,44,1420,-0.24
2026-07-23 13:45:45,SELL,AXISBANK,1224.6,0.77,27,1260,-2.81
2026-07-23 13:45:55,BUY-CORE,SUNPHARMA,1945.1,0.41,44,1960,-0.76
2026-07-23 13:46:00,SELL,RECLTD,358.7,0.54,0,370,-3.05
2026-07-23 13:46:01,SELL-CORE,RECLTD,358.7,0.54,0,370,-3.05
2026-07-23 13:46:08,COIL,INDIANB,826.1,1.05,47,831.75,-0.68
2026-07-23 13:46:15,SELL,CUMMINSIND,5602.0,0.59,22,5650,-0.85
2026-07-23 13:46:15,SELL-CORE,CUMMINSIND,5602.0,0.59,22,5650,-0.85
2026-07-23 13:46:51,SELL,INDHOTEL,723.4,0.65,0,735,-1.58
2026-07-23 13:47:00,BUY-CORE,MOTILALOFS,939.6,0.58,36,980,-4.12
2026-07-23 13:51:03,BUY-CORE,ITC,281.4,0.63,36,290,-2.97
2026-07-23 13:51:16,BUY-CORE,FEDERALBNK,353.2,0.8,53,350,0.91
2026-07-23 13:51:23,BUY-CORE,CUMMINSIND,5600.5,0.59,36,5650,-0.88
2026-07-23 13:51:38,SELL-CORE,IOC,139.86,1.23,27,140,-0.1
2026-07-23 13:51:53,SELL,ZYDUSLIFE,1115.3,0.81,0,1140,-2.17
2026-07-23 13:55:43,BUY-CORE,HINDALCO,950.8,0.52,44,980,-2.98
2026-07-23 13:56:12,SELL,POWERGRID,288.35,0.44,22,292.5,-1.42
2026-07-23 13:56:12,SELL-CORE,POWERGRID,288.35,0.44,22,292.5,-1.42
2026-07-23 13:56:53,BUY-CORE,ASTRAL,1416.5,0.62,44,1440,-1.63
2026-07-23 13:56:59,SELL-CORE,COLPAL,2084.9,0.9,27,2080,0.24
2026-07-23 14:01:16,SELL,BEL,402.65,0.74,0,415,-2.98
2026-07-23 14:01:31,BUY-CORE,TVSMOTOR,3919.1,0.49,57,3960,-1.03
2026-07-23 14:01:45,SELL,OFSS,10705.0,0.58,22,11000,-2.68
2026-07-23 14:01:45,SELL-CORE,OFSS,10705.0,0.58,22,11000,-2.68
2026-07-23 14:02:01,BUY-CORE,MAXHEALTH,1084.3,0.79,53,1100,-1.43
2026-07-23 14:02:16,SELL-CORE,CONCOR,481.5,0.88,42,485,-0.72
2026-07-23 14:02:31,SELL,DALBHARAT,1855.7,0.57,22,1860,-0.23
2026-07-23 14:02:32,SELL-CORE,DALBHARAT,1855.7,0.57,22,1860,-0.23
2026-07-23 14:02:35,SELL,PIIND,2721.1,0.48,22,2780,-2.12
2026-07-23 14:02:36,SELL-CORE,PIIND,2721.1,0.48,22,2780,-2.12
2026-07-23 14:05:43,SELL,ITC,281.05,0.63,36,290,-3.09
2026-07-23 14:05:44,SELL-CORE,ITC,281.05,0.63,36,290,-3.09
2026-07-23 14:06:02,SELL-CORE,HDFCLIFE,550.95,0.92,27,560,-1.62
2026-07-23 14:06:33,SELL,ZYDUSLIFE,1116.0,0.81,27,1140,-2.11
2026-07-23 14:06:43,SELL,PIDILITIND,1568.7,0.85,0,1590,-1.34
2026-07-23 14:06:53,BUY-CORE,PIIND,2730.0,0.49,44,2780,-1.8
2026-07-23 14:11:01,BUY-CORE,TECHM,1556.3,0.73,42,1564,-0.49
2026-07-23 14:11:01,SELL-CORE,TECHM,1556.3,0.73,42,1564,-0.49
2026-07-23 14:11:16,BUY,MOTHERSON,145.46,1.12,100,144,1.01
2026-07-23 14:11:22,SELL,INDUSINDBK,1001.9,0.85,27,1010,-0.8
2026-07-23 14:15:57,SELL,DIXON,13817.0,0.61,22,14200,-2.7
2026-07-23 14:15:57,SELL-CORE,DIXON,13817.0,0.61,22,14200,-2.7
2026-07-23 14:16:36,SELL,CROMPTON,254.15,0.66,22,265,-4.09
2026-07-23 14:16:37,SELL,BANDHANBNK,167.63,0.81,27,180,-6.87
2026-07-23 14:16:46,SELL,SONACOMS,725.4,0.72,27,730,-0.63
2026-07-23 14:16:48,SELL,HAVELLS,1208.9,0.58,22,1220,-0.91
2026-07-23 14:16:49,SELL-CORE,HAVELLS,1208.9,0.58,22,1220,-0.91
2026-07-23 14:16:55,BUY-CORE,ALKEM,5595.5,0.59,44,5700,-1.83
2026-07-23 14:17:03,SELL,MOTILALOFS,940.0,0.58,36,980,-4.08
2026-07-23 14:17:03,SELL-CORE,MOTILALOFS,940.0,0.58,36,980,-4.08
2026-07-23 14:21:00,SELL,TRENT,2872.9,0.85,27,2900,-0.93
2026-07-23 14:21:03,SELL,TECHM,1555.0,0.74,27,1564,-0.58
2026-07-23 14:21:04,SELL-CORE,TECHM,1555.0,0.74,27,1564,-0.58
2026-07-23 14:21:13,SELL-CORE,HDFCLIFE,550.9,0.93,27,560,-1.63
2026-07-23 14:21:42,SELL,ZYDUSLIFE,1115.7,0.81,27,1140,-2.13
2026-07-23 14:21:48,SELL-CORE,ICICIPRULI,498.5,0.89,27,505,-1.29
2026-07-23 14:21:57,COIL,JUBLFOOD,413.55,1.49,56,420,-1.54
2026-07-23 14:22:00,BUY-CORE,SUPREMEIND,3412.2,0.71,42,3500,-2.51
2026-07-23 14:22:02,BUY-CORE,MANKIND,2550.4,0.57,44,2600,-1.91
2026-07-23 14:22:04,BUY-CORE,PIIND,2731.6,0.47,44,2800,-2.44
2026-07-23 14:25:47,SELL,ADANIENT,3010.9,0.8,0,3060,-1.6
2026-07-23 14:26:00,SELL,ULTRACEMCO,11870.0,0.39,22,12100,-1.9
2026-07-23 14:26:00,SELL-CORE,ULTRACEMCO,11870.0,0.39,22,12100,-1.9
2026-07-23 14:26:12,BUY-CORE,TECHM,1557.2,0.74,73,1564,-0.43
2026-07-23 14:26:18,SELL,RVNL,222.95,0.58,36,240,-7.1
2026-07-23 14:26:19,SELL-CORE,RVNL,222.95,0.58,36,240,-7.1
2026-07-23 14:26:33,BUY-CORE,TORNTPHARM,5059.2,0.89,53,5000,1.18
2026-07-23 14:26:45,SELL,GAIL,171.53,0.84,0,173,-0.85
2026-07-23 14:26:50,SELL,BANDHANBNK,167.52,0.82,27,180,-6.93
2026-07-23 14:27:07,BUY-CORE,ALKEM,5598.5,0.6,44,5700,-1.78
2026-07-23 14:27:10,SELL,PIDILITIND,1566.2,0.85,0,1590,-1.5
2026-07-23 14:27:18,SELL,SUPREMEIND,3407.2,0.71,27,3500,-2.65
2026-07-23 14:31:27,BUY-CORE,ITC,281.2,0.64,36,290,-3.03
2026-07-23 14:31:44,SELL-CORE,HDFCLIFE,550.5,0.92,27,560,-1.7
2026-07-23 14:31:51,BUY,MOTHERSON,145.47,1.12,100,144,1.02
2026-07-23 14:32:19,SELL-CORE,ICICIPRULI,498.35,0.89,27,505,-1.32
2026-07-23 14:35:46,BUY,INFY,1052.7,1.08,73,1055,-0.22
2026-07-23 14:35:47,BUY-CORE,INFY,1052.7,1.08,73,1055,-0.22
2026-07-23 14:36:06,COIL,CHOLAFIN,1716.1,1.02,47,1780,-3.59
2026-07-23 14:36:13,BUY-CORE,TVSMOTOR,3921.1,0.49,57,3960,-0.98
2026-07-23 14:36:31,BUY-CORE,MUTHOOTFIN,3027.3,0.59,36,3100,-2.35
2026-07-23 14:36:37,SELL,CIPLA,1408.3,0.84,27,1420,-0.82
2026-07-23 14:36:53,SELL,ZYDUSLIFE,1116.6,0.82,27,1140,-2.05
2026-07-23 14:36:54,BUY-CORE,SONACOMS,726.9,0.71,42,730,-0.42
2026-07-23 14:36:58,BUY-CORE,PHOENIXLTD,2043.0,0.9,42,2080,-1.78
2026-07-23 14:37:05,COIL,TATAELXSI,3395.0,1.01,47,3500,-3.0
2026-07-23 14:37:06,SELL,PIDILITIND,1565.9,0.84,0,1590,-1.52
2026-07-23 14:37:12,COIL,JUBLFOOD,413.85,1.45,56,420,-1.46
2026-07-23 14:40:45,SELL-CORE,INFY,1047.3,1.28,27,1050,-0.26
2026-07-23 14:40:56,SELL,ITC,281.35,0.64,36,290,-2.98
2026-07-23 14:40:57,SELL-CORE,ITC,281.35,0.64,36,290,-2.98
2026-07-23 14:41:01,SELL-CORE,HINDUNILVR,2153.3,0.72,42,2180,-1.22
2026-07-23 14:41:08,SELL-CORE,TECHM,1554.4,0.75,42,1564,-0.61
2026-07-23 14:41:13,SELL,RVNL,222.76,0.58,36,240,-7.18
2026-07-23 14:41:14,SELL-CORE,RVNL,222.76,0.58,36,240,-7.18
2026-07-23 14:41:19,SELL-CORE,HDFCLIFE,550.4,0.93,27,560,-1.71
2026-07-23 14:41:27,BUY,MOTHERSON,145.5,1.12,100,144,1.04
2026-07-23 14:41:30,SELL,VOLTAS,1304.8,0.8,0,1340,-2.63
2026-07-23 14:41:31,SELL-CORE,VOLTAS,1304.8,0.8,0,1340,-2.63
2026-07-23 14:41:57,SELL,HAVELLS,1207.6,0.57,22,1220,-1.02
2026-07-23 14:41:57,SELL-CORE,HAVELLS,1207.6,0.57,22,1220,-1.02
2026-07-23 14:45:51,SELL,AXISBANK,1220.7,0.79,27,1260,-3.12
2026-07-23 14:46:03,SELL,DIXON,13794.0,0.61,22,14200,-2.86
2026-07-23 14:46:03,SELL-CORE,DIXON,13794.0,0.61,22,14200,-2.86
2026-07-23 14:46:10,COIL,CHOLAFIN,1710.2,1.02,47,1780,-3.92
2026-07-23 14:46:13,SELL,TECHM,1553.4,0.75,27,1564,-0.68
2026-07-23 14:46:17,COIL,INDIANB,827.45,1.06,64,831.75,-0.52
2026-07-23 14:46:59,SELL,CONCOR,478.45,0.84,0,485,-1.35
2026-07-23 14:47:02,SELL-CORE,ICICIPRULI,498.9,0.88,27,505,-1.21
2026-07-23 14:47:11,SELL,ASTRAL,1403.9,0.7,22,1420,-1.13
2026-07-23 14:47:12,SELL-CORE,ASTRAL,1403.9,0.7,22,1420,-1.13
2026-07-23 14:51:09,SELL,RVNL,222.79,0.57,36,240,-7.17
2026-07-23 14:51:13,SELL,LUPIN,2392.0,0.7,22,2460,-2.76
2026-07-23 14:51:26,SELL,ABB,7511.0,0.62,36,7700,-2.45
2026-07-23 14:51:26,SELL-CORE,ABB,7511.0,0.62,36,7700,-2.45
2026-07-23 14:52:03,SELL,SHREECEM,26760.0,0.7,22,27000,-0.89
2026-07-23 14:52:04,SELL-CORE,SHREECEM,26760.0,0.7,22,27000,-0.89
2026-07-23 14:55:31,SELL,NIFTY,23827.8,0.82,0,23950,-0.51
2026-07-23 14:55:46,BUY-CORE,HINDALCO,952.25,0.52,44,980,-2.83
2026-07-23 14:55:50,COIL,ANGELONE,305.65,1.06,47,315,-2.97
2026-07-23 14:56:33,SELL,BANDHANBNK,165.43,0.84,0,175,-5.47
2026-07-23 14:56:55,SELL,GODREJCP,1055.3,0.81,0,1080,-2.29
2026-07-23 14:56:59,BUY-CORE,SUPREMEIND,3407.6,0.7,36,3500,-2.64
2026-07-23 15:01:06,SELL,SHRIRAMFIN,1026.1,0.76,0,1050,-2.28
2026-07-23 15:01:31,BUY-CORE,HAL,4583.6,0.5,44,4600,-0.36
2026-07-23 15:01:34,SELL,POWERGRID,289.45,0.41,22,295,-1.88
2026-07-23 15:01:35,SELL-CORE,POWERGRID,289.45,0.41,22,295,-1.88
2026-07-23 15:01:38,BUY-CORE,TORNTPHARM,5066.5,0.89,53,5000,1.33
2026-07-23 15:01:51,COIL,LICI,421.2,1.29,47,425,-0.89
2026-07-23 15:02:04,BUY-CORE,PHOENIXLTD,2038.1,0.9,42,2080,-2.01
2026-07-23 15:02:16,BUY-CORE,SHREECEM,26850.0,0.69,36,27000,-0.56
2026-07-23 15:05:52,SELL,ITC,280.55,0.77,27,285,-1.56
2026-07-23 15:05:59,SELL,RECLTD,358.55,0.55,0,370,-3.09
2026-07-23 15:06:00,SELL-CORE,RECLTD,358.55,0.55,0,370,-3.09
2026-07-23 15:06:24,BUY-CORE,VOLTAS,1312.5,0.74,53,1360,-3.49
2026-07-23 15:06:51,BUY-CORE,ICICIPRULI,501.15,0.88,53,505,-0.76
2026-07-23 15:06:53,SELL,DABUR,423.5,0.67,22,440,-3.75
2026-07-23 15:06:56,BUY-CORE,ALKEM,5602.5,0.6,44,5700,-1.71
2026-07-23 15:07:02,BUY-CORE,ASTRAL,1417.0,0.63,36,1440,-1.6
2026-07-23 15:10:53,SELL,SHRIRAMFIN,1025.8,0.76,0,1050,-2.3
2026-07-23 15:10:57,BUY-CORE,ITC,281.05,0.64,36,290,-3.09
2026-07-23 15:11:12,BUY-CORE,TVSMOTOR,3920.9,0.47,57,3960,-0.99
2026-07-23 15:11:24,BUY-CORE,POWERGRID,289.7,0.42,44,295,-1.8
2026-07-23 15:12:06,BUY-CORE,SHREECEM,26835.0,0.69,36,27000,-0.61
2026-07-23 15:15:47,COIL,HDFCBANK,745.8,1.02,47,750,-0.56
2026-07-23 15:16:46,SELL-CORE,JINDALSTEL,1044.1,0.89,27,1050,-0.56
2026-07-23 15:20:53,BUY-CORE,HINDALCO,956.25,0.48,44,980,-2.42
2026-07-23 15:21:06,BUY-CORE,TECHM,1556.0,0.78,42,1564,-0.51
2026-07-23 15:21:10,SELL-CORE,INDIANB,827.75,1.04,47,831.75,-0.48
2026-07-23 15:21:35,SELL-CORE,MAZDOCK,2296.2,0.9,27,2360,-2.7
2026-07-23 15:21:53,SELL,CONCOR,481.3,0.84,27,485,-0.76
2026-07-23 15:21:54,SELL-CORE,CONCOR,481.3,0.84,27,485,-0.76
2026-07-23 15:21:55,BUY-CORE,PHOENIXLTD,2036.5,0.91,42,2080,-2.09
2026-07-23 15:22:02,SELL,PIDILITIND,1565.1,0.8,0,1590,-1.57
2026-07-23 15:22:12,BUY-CORE,MANKIND,2561.9,0.57,44,2600,-1.47
2026-07-23 15:25:26,SELL,NIFTY,23885.0,0.8,27,24000,-0.48
2026-07-23 15:25:52,COIL,ASHOKLEY,150.69,1.15,47,155,-2.78
2026-07-23 15:26:03,SELL,PERSISTENT,5005.6,0.85,0,5100,-1.85
2026-07-23 15:26:07,BUY-CORE,POWERGRID,289.85,0.41,44,295,-1.75
2026-07-23 15:26:12,SELL,ABB,7534.5,0.44,36,7900,-4.63
2026-07-23 15:26:12,SELL-CORE,ABB,7534.5,0.44,36,7900,-4.63
2026-07-23 15:26:34,SELL,HAVELLS,1209.1,0.6,22,1220,-0.89
2026-07-23 15:26:35,SELL-CORE,HAVELLS,1209.1,0.6,22,1220,-0.89
2026-07-23 15:26:43,BUY,PAGEIND,40265.0,1.04,100,40000,0.66
2026-07-23 15:36:00,COIL,INDIANB,827.3,1.03,47,831.75,-0.54
2026-07-23 15:36:07,BUY-CORE,HDFCLIFE,550.95,0.94,53,565,-2.49
2026-07-23 15:36:28,SELL,GAIL,171.99,0.85,27,173,-0.58
2026-07-23 15:36:44,BUY-CORE,CONCOR,480.5,0.84,42,485,-0.93
2026-07-23 15:36:59,SELL,DALBHARAT,1854.7,0.56,22,1880,-1.35
2026-07-23 15:36:59,SELL-CORE,DALBHARAT,1854.7,0.56,22,1880,-1.35
2026-07-24 09:15:45,SELL,BHARTIARTL,1897.2,0.44,0,1960,-3.2
2026-07-24 09:15:45,SELL-CORE,BHARTIARTL,1897.2,0.44,0,1960,-3.2
2026-07-24 09:15:46,SELL,VEDL,260.6,0.68,0,275,-5.24
2026-07-24 09:15:47,SELL-CORE,VEDL,260.6,0.68,0,275,-5.24
2026-07-24 09:15:50,SELL,NATIONALUM,342.0,0.84,0,350,-2.29
2026-07-24 09:15:50,SELL-CORE,NATIONALUM,342.0,0.84,0,350,-2.29
2026-07-24 09:15:51,SELL,M&M,3201.5,0.52,0,3200,0.05
2026-07-24 09:15:52,SELL-CORE,M&M,3201.5,0.52,0,3200,0.05
2026-07-24 09:15:54,SELL,ULTRACEMCO,11782.0,0.5,0,12000,-1.82
2026-07-24 09:15:55,SELL-CORE,ULTRACEMCO,11782.0,0.5,0,12000,-1.82
2026-07-24 09:15:56,SELL,ITC,280.45,0.78,27,285,-1.6
2026-07-24 09:15:57,SELL-CORE,ITC,280.45,0.78,27,285,-1.6
2026-07-24 09:15:59,SELL-CORE,DIXON,13710.0,0.88,0,14000,-2.07
2026-07-24 09:16:02,SELL,KOTAKBANK,381.75,0.76,0,385,-0.84
2026-07-24 09:16:03,SELL-CORE,KOTAKBANK,381.75,0.76,0,385,-0.84
2026-07-24 09:16:06,COIL,INDIGO,4966.5,2.12,56,5000,-0.67
2026-07-24 09:16:09,SELL,HEROMOTOCO,5065.0,0.61,0,5100,-0.69
2026-07-24 09:16:09,SELL-CORE,HEROMOTOCO,5065.0,0.61,0,5100,-0.69
2026-07-24 09:16:13,SELL,TVSMOTOR,3890.0,0.54,0,3950,-1.52
2026-07-24 09:16:13,SELL-CORE,TVSMOTOR,3890.0,0.54,0,3950,-1.52
2026-07-24 09:16:15,SELL,RVNL,222.74,0.58,36,240,-7.19
2026-07-24 09:16:15,SELL-CORE,RVNL,222.74,0.58,36,240,-7.19
2026-07-24 09:16:17,SELL-CORE,PNB,108.82,0.93,0,109,-0.17
2026-07-24 09:16:17,SELL-CORE,BAJAJ-AUTO,11213.5,1.25,27,11100,1.02
2026-07-24 09:16:19,SELL,BAJAJFINSV,1873.5,0.59,0,1900,-1.39
2026-07-24 09:16:19,SELL-CORE,BAJAJFINSV,1873.5,0.59,0,1900,-1.39
2026-07-24 09:16:23,BUY-CORE,UNIONBANK,167.3,0.72,42,172.5,-3.01
2026-07-24 09:16:29,SELL,OFSS,10741.0,0.64,0,11000,-2.35
2026-07-24 09:16:29,SELL-CORE,OFSS,10741.0,0.64,0,11000,-2.35
2026-07-24 09:16:32,SELL,APLAPOLLO,1807.0,0.78,0,1820,-0.71
2026-07-24 09:16:33,SELL-CORE,APLAPOLLO,1807.0,0.78,0,1820,-0.71
2026-07-24 09:16:38,SELL,DMART,4026.1,0.59,0,4100,-1.8
2026-07-24 09:16:39,SELL-CORE,DMART,4026.1,0.59,0,4100,-1.8
2026-07-24 09:16:40,BUY-CORE,CIPLA,1431.8,0.69,57,1450,-1.26
2026-07-24 09:16:46,SELL,SIEMENS,3638.9,0.65,0,3700,-1.65
2026-07-24 09:16:47,SELL-CORE,SIEMENS,3638.9,0.65,0,3700,-1.65
2026-07-24 09:16:51,SELL-CORE,TATACONSUM,1103.2,0.92,0,1100,0.29
2026-07-24 09:16:56,SELL,BOSCHLTD,41755.0,0.7,0,42000,-0.58
2026-07-24 09:16:56,SELL-CORE,BOSCHLTD,41755.0,0.7,0,42000,-0.58
2026-07-24 09:16:58,BUY-CORE,SONACOMS,732.0,0.66,57,730,0.27
2026-07-24 09:16:58,SELL,PGEL,571.25,0.79,0,590,-3.18
2026-07-24 09:16:59,SELL-CORE,PGEL,571.25,0.79,0,590,-3.18
2026-07-24 09:17:01,SELL,CONCOR,478.65,0.84,0,485,-1.31
2026-07-24 09:17:03,BUY-CORE,MPHASIS,2327.0,0.53,57,2338,-0.47
2026-07-24 09:17:08,SELL,MANAPPURAM,348.0,0.76,0,350,-0.57
2026-07-24 09:17:08,SELL-CORE,MANAPPURAM,348.0,0.76,0,350,-0.57
2026-07-24 09:17:09,BUY-CORE,TATAELXSI,3405.0,0.89,73,3500,-2.71
2026-07-24 09:17:11,SELL-CORE,PAGEIND,39965.0,0.99,0,40000,-0.09
2026-07-24 09:17:12,BUY-CORE,KPITTECH,553.0,0.39,57,590,-6.27
2026-07-24 09:17:18,BUY,SRF,2650.3,1.05,100,2680,-1.11
2026-07-24 09:17:18,BUY-CORE,SRF,2650.3,1.05,100,2680,-1.11
2026-07-24 09:20:39,SELL-CORE,FINNIFTY,25865.05,1.32,43,26000,-0.52
2026-07-24 09:20:42,SELL,RELIANCE,1268.9,0.76,27,1300,-2.39
2026-07-24 09:20:43,BUY-CORE,ADANIENT,3026.0,0.73,73,3080,-1.75
2026-07-24 09:20:45,COIL,ADANIGREEN,1380.3,1.31,71,1400,-1.41
2026-07-24 09:20:46,SELL,MCX,2730.5,0.57,22,2900,-5.84
2026-07-24 09:20:47,SELL-CORE,MCX,2730.5,0.57,22,2900,-5.84
2026-07-24 09:20:48,SELL,BAJFINANCE,1026.3,0.85,0,1040,-1.32
2026-07-24 09:20:49,BUY-CORE,TCS,2260.3,0.62,57,2240,0.91
2026-07-24 09:20:52,BUY-CORE,ADANIENSOL,1697.7,0.37,57,1740,-2.43
2026-07-24 09:20:53,BUY-CORE,WIPRO,175.26,0.53,44,180,-2.63
2026-07-24 09:20:54,BUY-CORE,ADANIPOWER,213.4,0.94,73,220,-3.0
2026-07-24 09:20:56,SELL,BHEL,407.6,0.83,0,412.5,-1.19
2026-07-24 09:20:59,SELL,TITAN,4674.3,0.76,0,4650,0.52
2026-07-24 09:20:59,SELL-CORE,TITAN,4674.3,0.76,0,4650,0.52
2026-07-24 09:21:01,SELL-CORE,SHRIRAMFIN,1007.9,0.99,0,1040,-3.09
2026-07-24 09:21:03,SELL,HINDALCO,947.45,0.53,0,980,-3.32
2026-07-24 09:21:03,SELL-CORE,HINDALCO,947.45,0.53,0,980,-3.32
2026-07-24 09:21:07,SELL,SUNPHARMA,1951.6,0.41,22,1960,-0.43
2026-07-24 09:21:08,SELL-CORE,SUNPHARMA,1951.6,0.41,22,1960,-0.43
2026-07-24 09:21:09,SELL-CORE,ANGELONE,303.15,1.07,27,315,-3.76
2026-07-24 09:21:10,BUY-CORE,CGPOWER,885.75,0.99,53,900,-1.58
2026-07-24 09:21:12,SELL,NHPC,79.96,0.47,22,83,-3.66
2026-07-24 09:21:12,SELL-CORE,NHPC,79.96,0.47,22,83,-3.66
2026-07-24 09:21:14,SELL,HINDUNILVR,2154.3,0.73,0,2180,-1.18
2026-07-24 09:21:15,SELL-CORE,HINDUNILVR,2154.3,0.73,0,2180,-1.18
2026-07-24 09:21:18,BUY-CORE,RECLTD,359.75,0.54,57,370,-2.77
2026-07-24 09:21:19,SELL-CORE,TRENT,2858.8,1.13,27,2900,-1.42
2026-07-24 09:21:21,BUY-CORE,COFORGE,1465.3,0.55,57,1500,-2.31
2026-07-24 09:21:22,SELL,YESBANK,22.73,0.4,0,26,-12.58
2026-07-24 09:21:23,SELL-CORE,YESBANK,22.73,0.4,0,26,-12.58
2026-07-24 09:21:24,SELL-CORE,AMBER,7325.5,1.96,43,7200,1.74
2026-07-24 09:21:25,BUY-CORE,TECHM,1577.7,0.62,57,1580,-0.15
2026-07-24 09:21:28,SELL,EICHERMOT,7650.5,0.63,0,7700,-0.64
2026-07-24 09:21:29,SELL-CORE,EICHERMOT,7650.5,0.63,0,7700,-0.64
2026-07-24 09:21:30,SELL-CORE,INDIANB,820.9,1.21,27,820,0.11
2026-07-24 09:21:31,SELL,FEDERALBNK,352.6,0.8,0,350,0.74
2026-07-24 09:21:32,SELL-CORE,FEDERALBNK,352.6,0.8,0,350,0.74
2026-07-24 09:21:34,SELL-CORE,HDFCAMC,2493.5,2.69,43,2500,-0.26
2026-07-24 09:21:35,SELL,360ONE,1078.6,0.72,27,1120,-3.7
2026-07-24 09:21:36,SELL,PNB,109.59,0.79,0,110,-0.37
2026-07-24 09:21:38,BUY-CORE,POLYCAB,8956.0,0.83,42,9200,-2.65
2026-07-24 09:21:38,SELL-CORE,POLYCAB,8956.0,0.83,42,9200,-2.65
2026-07-24 09:21:40,SELL-CORE,KAYNES,3182.3,0.9,0,3250,-2.08
2026-07-24 09:21:42,BUY-CORE,HDFCLIFE,553.25,0.66,57,570,-2.94
2026-07-24 09:21:44,SELL,CUMMINSIND,5580.0,0.61,0,5650,-1.24
2026-07-24 09:21:44,SELL-CORE,CUMMINSIND,5580.0,0.61,0,5650,-1.24
2026-07-24 09:21:45,BUY-CORE,LAURUSLABS,1572.0,0.72,53,1580,-0.51
2026-07-24 09:21:47,SELL,GRASIM,3095.0,0.76,0,3120,-0.8
2026-07-24 09:21:47,SELL-CORE,GRASIM,3095.0,0.76,0,3120,-0.8
2026-07-24 09:21:49,BUY-CORE,PERSISTENT,5099.8,0.94,73,5100,-0.0
2026-07-24 09:21:50,SELL-CORE,LTF,301.45,0.93,0,310,-2.76
2026-07-24 09:21:51,SELL,HAL,4566.0,0.56,0,4600,-0.74
2026-07-24 09:21:51,SELL-CORE,HAL,4566.0,0.56,0,4600,-0.74
2026-07-24 09:21:52,SELL-CORE,INDUSTOWER,387.35,0.98,0,400,-3.16
2026-07-24 09:21:54,SELL-CORE,IDFCFIRSTB,79.5,0.95,0,80,-0.62
2026-07-24 09:21:55,SELL,VMM,107.96,0.65,0,112.5,-4.04
2026-07-24 09:21:56,SELL-CORE,VMM,107.96,0.65,0,112.5,-4.04
2026-07-24 09:21:57,SELL,ONGC,251.84,0.38,36,255,-1.24
2026-07-24 09:21:57,SELL-CORE,ONGC,251.84,0.38,36,255,-1.24
2026-07-24 09:21:59,SELL,POWERGRID,288.0,0.46,0,292.5,-1.54
2026-07-24 09:21:59,SELL-CORE,POWERGRID,288.0,0.46,0,292.5,-1.54
2026-07-24 09:22:00,SELL-CORE,MOTHERSON,144.39,1.23,27,143,0.97
2026-07-24 09:22:01,BUY-CORE,OFSS,10891.0,0.53,44,11100,-1.88
2026-07-24 09:22:02,SELL,DLF,639.15,0.67,0,655,-2.42
2026-07-24 09:22:04,SELL-CORE,AUBANK,972.5,1.21,27,990,-1.77
2026-07-24 09:22:05,BUY-CORE,AUROPHARMA,1528.6,0.55,57,1600,-4.46
2026-07-24 09:22:06,SELL-CORE,TORNTPHARM,5029.2,0.87,27,5000,0.58
2026-07-24 09:22:07,SELL,VOLTAS,1301.7,0.81,0,1340,-2.86
2026-07-24 09:22:08,SELL-CORE,VOLTAS,1301.7,0.81,0,1340,-2.86
2026-07-24 09:22:10,SELL,ABB,7491.5,0.61,0,7700,-2.71
2026-07-24 09:22:11,SELL,MUTHOOTFIN,2952.6,0.68,0,3100,-4.75
2026-07-24 09:22:12,SELL-CORE,MUTHOOTFIN,2952.6,0.68,0,3100,-4.75
2026-07-24 09:22:16,BUY-CORE,APOLLOHOSP,8861.0,0.76,42,8900,-0.44
2026-07-24 09:22:17,BUY-CORE,DMART,4058.0,0.59,44,4100,-1.02
2026-07-24 09:22:20,SELL-CORE,MAZDOCK,2292.9,0.92,0,2360,-2.84
2026-07-24 09:22:22,COIL,CDSL,1318.2,1.11,47,1360,-3.07
2026-07-24 09:22:23,SELL-CORE,ABCAPITAL,387.0,1.03,27,400,-3.25
2026-07-24 09:22:25,SELL,MAXHEALTH,1080.3,0.79,0,1100,-1.79
2026-07-24 09:22:26,SELL-CORE,MAXHEALTH,1080.3,0.79,0,1100,-1.79
2026-07-24 09:22:27,SELL,SBILIFE,1844.7,0.66,0,1860,-0.82
2026-07-24 09:22:28,SELL-CORE,SBILIFE,1844.7,0.66,0,1860,-0.82
2026-07-24 09:22:29,SELL-CORE,CROMPTON,246.3,0.87,0,255,-3.41
2026-07-24 09:22:32,SELL-CORE,JINDALSTEL,1036.2,0.88,0,1050,-1.31
2026-07-24 09:22:33,SELL,PRESTIGE,1612.6,0.68,0,1660,-2.86
2026-07-24 09:22:34,SELL-CORE,PRESTIGE,1612.6,0.68,0,1660,-2.86
2026-07-24 09:22:35,SELL-CORE,HINDPETRO,380.35,1.16,27,385,-1.21
2026-07-24 09:22:36,BUY-CORE,EXIDEIND,439.9,0.63,57,445,-1.15
2026-07-24 09:22:38,BUY-CORE,TATACONSUM,1107.4,0.79,73,1110,-0.23
2026-07-24 09:22:40,SELL,KEI,4886.0,0.79,27,5000,-2.28
2026-07-24 09:22:40,SELL-CORE,KEI,4886.0,0.79,27,5000,-2.28
2026-07-24 09:22:43,BUY-CORE,LTM,4001.6,0.75,73,4050,-1.2
2026-07-24 09:22:44,BUY-CORE,ZYDUSLIFE,1116.1,0.82,73,1140,-2.1
2026-07-24 09:22:47,SELL,JSWENERGY,550.0,0.67,0,565,-2.65
2026-07-24 09:22:48,SELL-CORE,JSWENERGY,550.0,0.67,0,565,-2.65
2026-07-24 09:22:49,BUY-CORE,HAVELLS,1204.7,0.77,42,1200,0.39
2026-07-24 09:22:50,SELL-CORE,HAVELLS,1204.7,0.77,42,1200,0.39
2026-07-24 09:22:52,SELL,BRITANNIA,5360.5,0.62,0,5450,-1.64
2026-07-24 09:22:53,SELL-CORE,BRITANNIA,5360.5,0.62,0,5450,-1.64
2026-07-24 09:22:54,BUY-CORE,ICICIPRULI,502.55,0.54,57,520,-3.36
2026-07-24 09:22:55,SELL-CORE,DABUR,421.2,1.12,27,425,-0.89
2026-07-24 09:22:57,SELL-CORE,IRFC,86.98,1.01,47,90,-3.36
2026-07-24 09:22:59,SELL-CORE,BLUESTARCO,1619.5,1.27,27,1600,1.22
2026-07-24 09:23:00,SELL-CORE,INDHOTEL,720.3,0.96,0,730,-1.33
2026-07-24 09:23:01,SELL,BHARATFORG,2161.5,0.76,0,2180,-0.85
2026-07-24 09:23:02,SELL-CORE,BHARATFORG,2161.5,0.76,0,2180,-0.85
2026-07-24 09:23:04,SELL-CORE,PIDILITIND,1554.0,1.32,43,1560,-0.38
2026-07-24 09:23:05,BUY-CORE,BAJAJHLDNG,10681.0,0.55,57,11000,-2.9
2026-07-24 09:23:07,BUY-CORE,RADICO,4074.0,0.67,57,4150,-1.83
2026-07-24 09:23:08,BUY-CORE,IEX,123.14,0.52,44,125,-1.49
2026-07-24 09:23:10,SELL,IREDA,119.22,0.75,0,122,-2.28
2026-07-24 09:23:10,SELL-CORE,IREDA,119.22,0.75,0,122,-2.28
2026-07-24 09:23:11,BUY-CORE,ASTRAL,1416.0,0.63,44,1440,-1.67
2026-07-24 09:23:14,SELL,SHREECEM,26730.0,0.71,0,27000,-1.0
2026-07-24 09:23:15,SELL-CORE,SHREECEM,26730.0,0.71,0,27000,-1.0
2026-07-24 09:23:17,SELL,DALBHARAT,1827.4,0.74,0,1840,-0.68
2026-07-24 09:23:18,SELL-CORE,DALBHARAT,1827.4,0.74,0,1840,-0.68
2026-07-24 09:23:20,SELL,MANKIND,2546.5,0.65,0,2600,-2.06
2026-07-24 09:23:20,SELL-CORE,MANKIND,2546.5,0.65,0,2600,-2.06
2026-07-24 09:23:22,BUY-CORE,UNITDSPR,1431.7,0.54,57,1440,-0.58
2026-07-24 09:23:23,BUY-CORE,PIIND,2749.5,0.5,57,2800,-1.8
2026-07-24 09:25:34,SELL-CORE,ADANIGREEN,1369.0,1.17,27,1400,-2.21
2026-07-24 09:25:38,SELL,WIPRO,174.87,0.52,36,180,-2.85
2026-07-24 09:25:38,SELL-CORE,WIPRO,174.87,0.52,36,180,-2.85
2026-07-24 09:25:40,SELL-CORE,ADANIPOWER,211.42,0.94,42,220,-3.9
2026-07-24 09:25:46,BUY-CORE,PFC,410.5,0.64,57,420,-2.26
2026-07-24 09:25:48,SELL,COALINDIA,427.0,0.84,27,435,-1.84
2026-07-24 09:25:48,SELL-CORE,COALINDIA,427.0,0.84,27,435,-1.84
2026-07-24 09:25:50,BUY-CORE,SUNPHARMA,1954.7,0.42,44,1960,-0.27
2026-07-24 09:25:52,BUY,CGPOWER,893.5,1.0,73,900,-0.72
2026-07-24 09:25:53,COIL,CGPOWER,893.5,1.0,73,900,-0.72
2026-07-24 09:25:55,SELL,SAIL,160.05,0.8,0,167.5,-4.45
2026-07-24 09:25:55,SELL-CORE,SAIL,160.05,0.8,0,167.5,-4.45
2026-07-24 09:25:58,SELL-CORE,NMDC,82.21,1.47,43,84,-2.13
2026-07-24 09:26:00,SELL,NTPC,346.85,0.47,0,355,-2.3
2026-07-24 09:26:00,SELL-CORE,NTPC,346.85,0.47,0,355,-2.3
2026-07-24 09:26:05,SELL,AMBUJACEM,418.0,0.56,0,435,-3.91
2026-07-24 09:26:06,SELL-CORE,AMBUJACEM,418.0,0.56,0,435,-3.91
2026-07-24 09:26:12,COIL,POLYCAB,8921.5,1.19,47,9000,-0.87
2026-07-24 09:26:15,SELL-CORE,PATANJALI,336.15,0.9,27,350,-3.96
2026-07-24 09:26:25,BUY-CORE,NESTLEIND,1451.6,0.48,44,1490,-2.58
2026-07-24 09:26:27,SELL-CORE,BANKINDIA,141.04,1.31,43,140.35,0.49
2026-07-24 09:26:31,SELL-CORE,COCHINSHIP,1389.8,0.98,27,1400,-0.73
2026-07-24 09:26:32,SELL,APOLLOHOSP,8849.5,0.76,27,8900,-0.57
2026-07-24 09:26:35,SELL,NAUKRI,1154.9,0.65,0,1200,-3.76
2026-07-24 09:26:36,SELL-CORE,NAUKRI,1154.9,0.65,0,1200,-3.76
2026-07-24 09:26:38,SELL-CORE,GAIL,170.57,1.13,27,170,0.34
2026-07-24 09:26:43,SELL,OIL,458.8,0.39,22,470,-2.38
2026-07-24 09:26:44,SELL-CORE,OIL,458.8,0.39,22,470,-2.38
2026-07-24 09:26:48,SELL,GLENMARK,2192.4,0.85,27,2240,-2.12
2026-07-24 09:26:48,SELL-CORE,GLENMARK,2192.4,0.85,27,2240,-2.12
2026-07-24 09:26:50,SELL-CORE,KFINTECH,864.95,1.33,43,860,0.58
2026-07-24 09:26:51,SELL-CORE,TATAPOWER,374.4,1.05,27,380,-1.47
2026-07-24 09:26:53,SELL,PNBHOUSING,1064.5,0.84,27,1080,-1.44
2026-07-24 09:26:53,SELL-CORE,PNBHOUSING,1064.5,0.84,27,1080,-1.44
2026-07-24 09:26:55,COIL,ZYDUSLIFE,1112.7,1.04,64,1130,-1.53
2026-07-24 09:26:58,SELL,HAVELLS,1204.9,0.77,0,1210,-0.42
2026-07-24 09:27:00,SELL-CORE,PHOENIXLTD,1990.3,1.57,43,2000,-0.49
2026-07-24 09:27:04,SELL,CAMS,751.75,0.79,0,780,-3.62
2026-07-24 09:27:04,SELL-CORE,CAMS,751.75,0.79,0,780,-3.62
2026-07-24 09:27:12,SELL,ASTRAL,1413.4,0.62,36,1440,-1.85
2026-07-24 09:27:12,SELL-CORE,ASTRAL,1413.4,0.62,36,1440,-1.85
2026-07-24 09:27:14,SELL-CORE,JUBLFOOD,412.3,1.75,56,410,0.56
2026-07-24 09:31:10,COIL,BSE,3542.0,1.01,47,3700,-4.27
2026-07-24 09:31:12,SELL-CORE,ADANIENT,3002.6,0.94,0,3000,0.09
2026-07-24 09:31:17,SELL,ADANIENSOL,1684.0,0.42,22,1720,-2.09
2026-07-24 09:31:18,SELL-CORE,ADANIENSOL,1684.0,0.42,22,1720,-2.09
2026-07-24 09:31:22,SELL-CORE,CANBK,123.82,1.19,27,125,-0.94
2026-07-24 09:31:30,SELL-CORE,CGPOWER,882.0,1.15,47,900,-2.0
2026-07-24 09:31:43,SELL,RVNL,223.34,0.58,22,240,-6.94
2026-07-24 09:31:44,SELL-CORE,RVNL,223.34,0.58,22,240,-6.94
2026-07-24 09:31:51,SELL-CORE,UNIONBANK,167.85,0.74,42,172.5,-2.7
2026-07-24 09:32:05,SELL,FORTIS,940.4,0.75,0,960,-2.04
2026-07-24 09:32:06,SELL-CORE,FORTIS,940.4,0.75,0,960,-2.04
2026-07-24 09:32:09,BUY-CORE,NAUKRI,1171.3,0.57,57,1200,-2.39
2026-07-24 09:32:20,SELL,GODREJPROP,2017.4,0.84,0,2040,-1.11
2026-07-24 09:32:24,BUY-CORE,ZYDUSLIFE,1115.9,0.83,73,1140,-2.11
2026-07-24 09:32:33,SELL,ALKEM,5604.0,0.7,22,5650,-0.81
2026-07-24 09:32:34,SELL-CORE,ALKEM,5604.0,0.7,22,5650,-0.81
2026-07-24 09:32:37,SELL-CORE,PAGEIND,40000.0,0.97,0,40000,0.0
2026-07-24 09:32:39,BUY-CORE,KPITTECH,551.95,0.4,44,590,-6.45
2026-07-24 09:35:31,BUY-CORE,ADANIENT,3019.0,0.7,36,3080,-1.98
2026-07-24 09:35:31,SELL,ADANIENT,3019.0,0.7,36,3080,-1.98
2026-07-24 09:35:35,BUY-CORE,ADANIENSOL,1694.1,0.35,36,1740,-2.64
2026-07-24 09:35:36,SELL,WIPRO,174.56,0.51,22,180,-3.02
2026-07-24 09:35:37,SELL-CORE,WIPRO,174.56,0.51,22,180,-3.02
2026-07-24 09:35:38,BUY-CORE,ADANIPOWER,212.74,0.94,42,220,-3.3
2026-07-24 09:35:47,BUY-CORE,CGPOWER,887.25,1.01,58,900,-1.42
2026-07-24 09:35:48,COIL,CGPOWER,887.25,1.01,58,900,-1.42
2026-07-24 09:35:57,SELL-CORE,NBCC,92.3,1.82,43,95,-2.84
2026-07-24 09:36:05,SELL,CUMMINSIND,5573.5,0.77,0,5600,-0.47
2026-07-24 09:36:06,SELL-CORE,CUMMINSIND,5573.5,0.77,0,5600,-0.47
2026-07-24 09:36:16,SELL,ABB,7479.0,0.61,0,7700,-2.87
2026-07-24 09:36:24,BUY-CORE,DIVISLAB,7275.0,0.62,44,7350,-1.02
2026-07-24 09:36:30,SELL,UNOMINDA,1115.9,0.64,0,1180,-5.43
2026-07-24 09:36:31,SELL-CORE,UNOMINDA,1115.9,0.64,0,1180,-5.43
2026-07-24 09:36:32,BUY-CORE,TATACONSUM,1113.3,0.79,73,1110,0.3
2026-07-24 09:36:33,SELL,GLENMARK,2196.0,0.84,27,2240,-1.96
2026-07-24 09:36:40,SELL,CONCOR,477.55,0.83,0,485,-1.54
2026-07-24 09:36:42,SELL-CORE,ICICIPRULI,498.9,0.86,27,505,-1.21
2026-07-24 09:36:45,BUY-CORE,CAMS,755.8,0.56,44,800,-5.53
2026-07-24 09:36:48,SELL-CORE,PIDILITIND,1555.5,1.21,27,1560,-0.29
2026-07-24 09:36:51,BUY-CORE,GODREJCP,1061.2,0.77,73,1080,-1.74
2026-07-24 09:36:53,SELL-CORE,GODFRYPHLP,2039.6,0.89,27,2150,-5.13
2026-07-24 09:36:55,COIL,MOTILALOFS,902.4,1.03,47,920,-1.91
2026-07-24 09:40:53,BUY,ADANIGREEN,1385.8,1.1,73,1400,-1.01
2026-07-24 09:40:54,BUY-CORE,ADANIGREEN,1385.8,1.1,73,1400,-1.01
2026-07-24 09:41:08,COIL,ANGELONE,304.95,1.05,47,315,-3.19
2026-07-24 09:41:17,SELL,TECHM,1548.9,0.83,0,1560,-0.71
2026-07-24 09:41:18,SELL-CORE,TECHM,1548.9,0.83,0,1560,-0.71
2026-07-24 09:41:24,SELL-CORE,PNB,109.38,0.93,0,109,0.35
2026-07-24 09:41:29,BUY-CORE,CUMMINSIND,5596.0,0.61,44,5650,-0.96
2026-07-24 09:41:36,SELL,OFSS,10852.0,0.53,22,11000,-1.35
2026-07-24 09:41:37,SELL-CORE,OFSS,10852.0,0.53,22,11000,-1.35
2026-07-24 09:41:41,SELL,APLAPOLLO,1814.0,0.58,0,1840,-1.41
2026-07-24 09:41:41,SELL-CORE,APLAPOLLO,1814.0,0.58,0,1840,-1.41
2026-07-24 09:41:47,SELL,FORTIS,940.65,0.75,0,960,-2.02
2026-07-24 09:41:48,SELL-CORE,FORTIS,940.65,0.75,0,960,-2.02
2026-07-24 09:41:51,SELL,NAUKRI,1167.65,0.65,22,1200,-2.7
2026-07-24 09:41:51,SELL-CORE,NAUKRI,1167.65,0.65,22,1200,-2.7
2026-07-24 09:41:52,SELL-CORE,MAZDOCK,2289.5,0.89,0,2360,-2.99
2026-07-24 09:41:54,COIL,CDSL,1313.9,1.11,47,1360,-3.39
2026-07-24 09:42:07,SELL,LTM,3965.0,0.82,27,4000,-0.88
2026-07-24 09:42:07,SELL-CORE,LTM,3965.0,0.82,27,4000,-0.88
2026-07-24 09:42:08,BUY-CORE,ZYDUSLIFE,1116.9,0.85,53,1140,-2.03
2026-07-24 09:42:12,BUY-CORE,HAVELLS,1210.0,0.6,57,1220,-0.82
2026-07-24 09:42:13,SELL,NAM-INDIA,1102.8,0.81,27,1160,-4.93
2026-07-24 09:42:13,SELL-CORE,NAM-INDIA,1102.8,0.81,27,1160,-4.93
2026-07-24 09:42:20,SELL,ALKEM,5621.0,0.7,22,5650,-0.51
2026-07-24 09:42:20,SELL-CORE,ALKEM,5621.0,0.7,22,5650,-0.51
2026-07-24 09:42:25,SELL,KPITTECH,549.35,0.4,0,590,-6.89
2026-07-24 09:42:26,SELL-CORE,KPITTECH,549.35,0.4,0,590,-6.89
2026-07-24 09:42:28,SELL-CORE,TIINDIA,2807.1,1.99,43,2750,2.08
2026-07-24 09:45:38,SELL,RELIANCE,1266.7,0.76,0,1300,-2.56
2026-07-24 09:45:39,SELL-CORE,ADANIENT,3009.5,0.98,0,3000,0.32
2026-07-24 09:45:41,SELL-CORE,ADANIGREEN,1371.1,1.3,43,1400,-2.06
2026-07-24 09:45:44,SELL,ADANIENSOL,1687.8,0.42,22,1720,-1.87
2026-07-24 09:45:45,SELL-CORE,ADANIENSOL,1687.8,0.42,22,1720,-1.87
2026-07-24 09:45:47,SELL-CORE,ADANIPOWER,211.3,0.93,42,220,-3.95
2026-07-24 09:45:51,BUY-CORE,TITAN,4672.1,0.75,42,4650,0.48
2026-07-24 09:46:00,SELL,HINDUNILVR,2159.0,0.72,27,2180,-0.96
2026-07-24 09:46:00,SELL-CORE,HINDUNILVR,2159.0,0.72,27,2180,-0.96
2026-07-24 09:46:14,SELL,HDFCLIFE,550.7,0.82,27,565,-2.53
2026-07-24 09:46:15,SELL-CORE,HDFCLIFE,550.7,0.82,27,565,-2.53
2026-07-24 09:46:22,BUY-CORE,OFSS,10799.0,0.6,44,11000,-1.83
2026-07-24 09:46:29,SELL,APOLLOHOSP,8847.5,0.72,0,8900,-0.59
2026-07-24 09:46:30,SELL-CORE,APOLLOHOSP,8847.5,0.72,0,8900,-0.59
2026-07-24 09:46:33,BUY-CORE,NAUKRI,1166.1,0.65,44,1200,-2.83
2026-07-24 09:46:34,SELL-CORE,RBLBANK,350.05,0.91,0,360,-2.76
2026-07-24 09:46:36,SELL,DIVISLAB,7268.0,0.63,22,7350,-1.12
2026-07-24 09:46:37,SELL-CORE,DIVISLAB,7268.0,0.63,22,7350,-1.12
2026-07-24 09:46:39,SELL-CORE,LICI,419.5,1.32,43,425,-1.29
2026-07-24 09:46:53,SELL-CORE,DABUR,421.8,1.14,27,425,-0.75
2026-07-24 09:46:54,BUY,PETRONET,270.9,1.38,100,270,0.33
2026-07-24 09:46:55,BUY-CORE,PETRONET,270.9,1.38,100,270,0.33
2026-07-24 09:47:05,SELL,SUPREMEIND,3396.6,0.69,22,3500,-2.95
2026-07-24 09:47:06,SELL-CORE,SUPREMEIND,3396.6,0.69,22,3500,-2.95
2026-07-24 09:50:42,COIL,INFY,1039.1,1.15,64,1045,-0.56
2026-07-24 09:50:50,SELL-CORE,PFC,407.05,0.87,27,415,-1.92
2026-07-24 09:50:58,SELL,RECLTD,357.45,0.62,22,365,-2.07
2026-07-24 09:50:59,SELL-CORE,RECLTD,357.45,0.62,22,365,-2.07
2026-07-24 09:51:02,SELL,TECHM,1552.7,0.68,0,1580,-1.73
2026-07-24 09:51:03,SELL-CORE,TECHM,1552.7,0.68,0,1580,-1.73
2026-07-24 09:51:06,BUY-CORE,ADANIPORTS,1777.4,0.87,42,1820,-2.34
2026-07-24 09:51:13,SELL,CUMMINSIND,5581.5,0.61,22,5650,-1.21
2026-07-24 09:51:13,SELL-CORE,CUMMINSIND,5581.5,0.61,22,5650,-1.21
2026-07-24 09:51:20,SELL,OFSS,10778.0,0.59,22,11000,-2.02
2026-07-24 09:51:20,SELL-CORE,OFSS,10778.0,0.59,22,11000,-2.02
2026-07-24 09:51:30,SELL,MARICO,848.05,0.53,22,860,-1.39
2026-07-24 09:51:30,SELL-CORE,MARICO,848.05,0.53,22,860,-1.39
2026-07-24 09:51:31,SELL,NAUKRI,1161.3,0.65,22,1200,-3.23
2026-07-24 09:51:32,SELL-CORE,NAUKRI,1161.3,0.65,22,1200,-3.23
2026-07-24 09:51:39,SELL-CORE,JINDALSTEL,1025.7,0.95,0,1050,-2.31
2026-07-24 09:51:45,SELL-CORE,ZYDUSLIFE,1112.4,1.07,47,1130,-1.56
2026-07-24 09:51:53,SELL-CORE,INDHOTEL,717.85,0.98,0,730,-1.66
2026-07-24 09:51:57,SELL-CORE,PAGEIND,40025.0,0.99,0,40000,0.06
2026-07-24 09:51:58,BUY-CORE,IEX,122.0,0.74,53,122,0.0
2026-07-24 09:51:59,BUY-CORE,KPITTECH,551.0,0.4,44,590,-6.61
2026-07-24 09:52:05,BUY-CORE,COLPAL,2094.3,0.67,57,2100,-0.27
2026-07-24 09:55:34,SELL,ADANIENSOL,1689.6,0.42,22,1720,-1.77
2026-07-24 09:55:35,SELL-CORE,ADANIENSOL,1689.6,0.42,22,1720,-1.77
2026-07-24 09:56:09,SELL-CORE,TORNTPHARM,5001.0,0.92,0,4950,1.03
2026-07-24 09:56:10,BUY-CORE,VOLTAS,1308.2,0.78,42,1340,-2.37
2026-07-24 09:56:29,BUY-CORE,LTM,3954.4,0.82,42,4000,-1.14
2026-07-24 09:56:36,BUY,PETRONET,270.85,1.35,78,270,0.31
2026-07-24 09:56:36,BUY-CORE,PETRONET,270.85,1.35,78,270,0.31
2026-07-24 09:56:41,SELL-CORE,PIDILITIND,1552.4,1.29,27,1560,-0.49
2026-07-24 10:01:04,SELL,MCX,2713.5,0.85,0,2800,-3.09
2026-07-24 10:01:36,SELL,HDFCLIFE,551.0,0.82,27,565,-2.48
2026-07-24 10:01:37,SELL-CORE,HDFCLIFE,551.0,0.82,27,565,-2.48
2026-07-24 10:01:39,SELL,UNIONBANK,166.95,0.73,0,172.5,-3.22
2026-07-24 10:02:11,SELL,LTM,3949.1,0.81,27,4000,-1.27
2026-07-24 10:02:14,SELL-CORE,SONACOMS,708.25,0.9,0,710,-0.25
2026-07-24 10:02:15,SELL,JSWENERGY,548.5,0.62,0,565,-2.92
2026-07-24 10:02:16,BUY-CORE,HAVELLS,1213.9,0.59,57,1220,-0.5
2026-07-24 10:02:19,BUY,MPHASIS,2226.0,1.53,78,2238,-0.54
2026-07-24 10:02:20,COIL,MPHASIS,2226.0,1.53,78,2238,-0.54
2026-07-24 10:02:28,SELL,KPITTECH,550.4,0.4,36,590,-6.71
2026-07-24 10:02:29,SELL-CORE,KPITTECH,550.4,0.4,36,590,-6.71
2026-07-24 10:02:31,BUY-CORE,ASTRAL,1411.2,0.66,36,1440,-2.0
2026-07-24 10:02:35,SELL,SUPREMEIND,3395.9,0.68,22,3500,-2.97
2026-07-24 10:02:35,SELL-CORE,SUPREMEIND,3395.9,0.68,22,3500,-2.97
2026-07-24 10:05:41,SELL,TITAN,4656.4,0.75,27,4650,0.14
2026-07-24 10:06:06,SELL,CUMMINSIND,5589.5,0.61,22,5650,-1.07
2026-07-24 10:06:07,SELL-CORE,CUMMINSIND,5589.5,0.61,22,5650,-1.07
2026-07-24 10:06:17,SELL-CORE,VOLTAS,1306.0,0.79,42,1340,-2.54
2026-07-24 10:06:23,SELL,DMART,4028.6,0.56,22,4100,-1.74
2026-07-24 10:06:23,SELL-CORE,DMART,4028.6,0.56,22,4100,-1.74
2026-07-24 10:06:31,SELL-CORE,LICI,417.85,2.02,43,415,0.69
2026-07-24 10:06:36,SELL,EXIDEIND,439.4,0.68,22,445,-1.26
2026-07-24 10:06:37,SELL-CORE,EXIDEIND,439.4,0.68,22,445,-1.26
2026-07-24 10:06:53,SELL-CORE,TATAELXSI,3391.0,0.84,42,3500,-3.11
2026-07-24 10:06:57,SELL,GODREJCP,1055.3,0.77,27,1080,-2.29
2026-07-24 10:06:57,SELL-CORE,GODREJCP,1055.3,0.77,27,1080,-2.29
2026-07-24 10:10:50,SELL,SUNPHARMA,1951.1,0.42,22,1960,-0.45
2026-07-24 10:10:51,SELL-CORE,SUNPHARMA,1951.1,0.42,22,1960,-0.45
2026-07-24 10:10:52,BUY-CORE,CGPOWER,888.45,1.03,58,900,-1.28
2026-07-24 10:10:53,COIL,CGPOWER,888.45,1.03,58,900,-1.28
2026-07-24 10:11:10,BUY-CORE,CUMMINSIND,5596.5,0.61,44,5650,-0.95
2026-07-24 10:11:20,SELL,ABB,7490.0,0.62,0,7700,-2.73
2026-07-24 10:11:27,SELL,MAZDOCK,2282.3,0.85,0,2360,-3.29
2026-07-24 10:11:33,SELL,LODHA,1128.35,0.8,0,1120,0.75
2026-07-24 10:11:34,SELL-CORE,LODHA,1128.35,0.8,0,1120,0.75
2026-07-24 10:11:37,BUY-CORE,EXIDEIND,440.0,0.66,44,445,-1.12
2026-07-24 10:11:51,SELL,TATAELXSI,3381.0,0.83,0,3500,-3.4
2026-07-24 10:15:55,BUY,CGPOWER,887.65,1.02,73,900,-1.37
2026-07-24 10:16:06,SELL,FEDERALBNK,351.35,0.82,0,350,0.39
2026-07-24 10:16:20,SELL-CORE,TORNTPHARM,5005.7,0.92,27,4950,1.13
2026-07-24 10:16:36,SELL,EXIDEIND,439.05,0.66,22,445,-1.34
2026-07-24 10:16:37,SELL-CORE,EXIDEIND,439.05,0.66,22,445,-1.34
2026-07-24 10:16:38,SELL,TATACONSUM,1106.6,0.81,27,1110,-0.31
2026-07-24 10:16:38,SELL-CORE,TATACONSUM,1106.6,0.81,27,1110,-0.31
2026-07-24 10:16:47,COIL,MPHASIS,2225.1,1.41,71,2238,-0.58
2026-07-24 10:16:49,SELL-CORE,DABUR,420.5,1.14,27,425,-1.06
2026-07-24 10:16:49,BUY,PETRONET,271.0,1.36,78,270,0.37
2026-07-24 10:16:50,BUY-CORE,PETRONET,271.0,1.36,78,270,0.37
2026-07-24 10:16:51,SELL-CORE,CAMS,750.05,0.89,0,780,-3.84
2026-07-24 10:16:56,SELL-CORE,PAGEIND,39800.0,1.21,27,40000,-0.5
2026-07-24 10:21:07,BUY-CORE,CUMMINSIND,5591.0,0.6,57,5650,-1.04
2026-07-24 10:21:08,SELL,LAURUSLABS,1569.2,0.68,22,1580,-0.68
2026-07-24 10:21:09,SELL-CORE,LAURUSLABS,1569.2,0.68,22,1580,-0.68
2026-07-24 10:21:22,BUY-CORE,DMART,4021.7,0.61,36,4100,-1.91
2026-07-24 10:21:33,BUY-CORE,TATACONSUM,1109.4,0.8,53,1110,-0.05
2026-07-24 10:21:34,SELL,GLENMARK,2190.4,0.84,27,2240,-2.21
2026-07-24 10:21:38,BUY-CORE,LTM,3959.0,0.81,42,4000,-1.03
2026-07-24 10:25:53,SELL,BEL,402.7,0.75,27,415,-2.96
2026-07-24 10:25:54,BUY-CORE,ITC,282.2,0.66,44,290,-2.69
2026-07-24 10:25:57,SELL-CORE,CGPOWER,885.05,1.02,47,900,-1.66
2026-07-24 10:26:11,SELL,360ONE,1072.3,0.72,27,1120,-4.26
2026-07-24 10:26:15,SELL,HCLTECH,1240.0,0.65,0,1240,0.0
2026-07-24 10:26:15,SELL-CORE,HCLTECH,1240.0,0.65,0,1240,0.0
2026-07-24 10:26:44,BUY-CORE,EXIDEIND,439.2,0.63,36,445,-1.3
2026-07-24 10:26:45,SELL-CORE,TATACONSUM,1108.1,0.8,42,1110,-0.17
2026-07-24 10:26:50,SELL,LTM,3940.2,0.82,0,4000,-1.5
2026-07-24 10:27:00,SELL,BHARATFORG,2132.3,0.79,0,2180,-2.19
2026-07-24 10:27:06,SELL,ASTRAL,1407.7,0.76,27,1420,-0.87
2026-07-24 10:31:12,SELL,MCX,2714.4,0.85,27,2800,-3.06
2026-07-24 10:31:23,SELL,PFC,406.75,0.85,27,415,-1.99
2026-07-24 10:31:28,SELL,MARUTI,13262.0,0.77,0,13600,-2.49
2026-07-24 10:31:41,BUY-CORE,BAJAJ-AUTO,11265.0,1.12,58,11100,1.49
2026-07-24 10:31:54,SELL,VOLTAS,1303.4,0.78,27,1340,-2.73
2026-07-24 10:32:35,BUY-CORE,COLPAL,2081.8,0.84,42,2080,0.09
2026-07-24 10:32:35,SELL-CORE,COLPAL,2081.8,0.84,42,2080,0.09
2026-07-24 10:35:50,SELL,SAIL,158.36,0.85,0,165,-4.02
2026-07-24 10:35:59,SELL,ADANIPORTS,1770.3,0.83,27,1820,-2.73
2026-07-24 10:36:03,SELL,360ONE,1072.9,0.72,27,1120,-4.21
2026-07-24 10:36:40,SELL,SONACOMS,716.05,0.77,27,730,-1.91
2026-07-24 10:36:40,SELL-CORE,SONACOMS,716.05,0.77,27,730,-1.91
2026-07-24 10:36:45,SELL-CORE,MPHASIS,2201.8,1.34,56,2218,-0.73
2026-07-24 10:36:46,SELL,ICICIPRULI,497.9,0.85,27,505,-1.41
2026-07-24 10:37:01,SELL,COLPAL,2079.6,0.84,27,2080,-0.02
2026-07-24 10:40:40,SELL,MIDCPNIFTY,14260.9,0.85,0,14300,-0.27
2026-07-24 10:40:41,SELL-CORE,MIDCPNIFTY,14260.9,0.85,0,14300,-0.27
2026-07-24 10:40:44,BUY-CORE,ADANIENT,3012.0,0.68,44,3080,-2.21
2026-07-24 10:40:48,COIL,INFY,1022.8,1.54,71,1030,-0.7
2026-07-24 10:40:49,BUY-CORE,ADANIENSOL,1697.0,0.33,36,1760,-3.58
2026-07-24 10:40:50,SELL,ADANIENSOL,1697.0,0.33,36,1760,-3.58
2026-07-24 10:40:50,SELL-CORE,ADANIENSOL,1697.0,0.33,36,1760,-3.58
2026-07-24 10:40:52,BUY-CORE,ADANIPOWER,212.64,0.92,42,220,-3.35
2026-07-24 10:40:59,SELL,PFC,406.95,0.83,27,415,-1.94
2026-07-24 10:41:00,BUY-CORE,COALINDIA,427.35,0.83,42,435,-1.76
2026-07-24 10:41:14,BUY-CORE,ADANIPORTS,1773.1,0.84,42,1820,-2.58
2026-07-24 10:41:18,BUY,BAJAJ-AUTO,11285.0,1.12,73,11100,1.67
2026-07-24 10:41:21,BUY-CORE,HCLTECH,1245.3,0.53,36,1260,-1.17
2026-07-24 10:41:39,SELL,MARICO,845.2,0.65,0,855,-1.15
2026-07-24 10:41:40,SELL-CORE,MARICO,845.2,0.65,0,855,-1.15
2026-07-24 10:41:44,SELL-CORE,MAXHEALTH,1073.4,1.17,27,1090,-1.52
2026-07-24 10:41:49,SELL,PRESTIGE,1590.3,0.85,0,1640,-3.03
2026-07-24 10:41:51,BUY-CORE,EXIDEIND,439.0,0.61,36,445,-1.35
2026-07-24 10:41:53,SELL,GLENMARK,2190.1,0.81,0,2240,-2.23
2026-07-24 10:41:58,BUY-CORE,SONACOMS,721.95,0.77,53,730,-1.1
2026-07-24 10:41:59,SELL,PGEL,565.05,0.8,0,580,-2.58
2026-07-24 10:42:06,BUY,BLUESTARCO,1639.5,1.01,73,1640,-0.03
2026-07-24 10:42:06,BUY-CORE,BLUESTARCO,1639.5,1.01,73,1640,-0.03
2026-07-24 10:42:11,BUY-CORE,IEX,123.26,0.59,44,123,0.21
2026-07-24 10:42:14,BUY-CORE,ASTRAL,1415.5,0.68,36,1440,-1.7
2026-07-24 10:42:14,SELL,ASTRAL,1415.5,0.68,36,1440,-1.7
2026-07-24 10:42:15,SELL-CORE,ASTRAL,1415.5,0.68,36,1440,-1.7
